session_id,session_duration,n_events,click_rate,avg_dwell_time,click_variance,page_entropy
522,10702,4,0.3737619136609979,2675.5,1063350.25,0.8112781244591328
137,23308,7,0.3003260683027287,3329.714285714286,844881.3469387756,1.950212064914747
921,20940,7,0.3342884431709646,2991.4285714285716,1291577.387755102,1.8423709931771088
221,21095,6,0.2844275894761792,3515.8333333333335,874546.4722222221,1.9182958340544896
bot_1027,1148,3,2.613240418118467,382.6666666666667,33890.88888888889,1.584962500721156
bot_1056,812,3,3.694581280788177,270.6666666666667,5200.222222222223,1.584962500721156
bot_1146,2448,4,1.6339869281045751,612.0,23673.5,2.0
642,17613,6,0.340657468915006,2935.5,589232.5833333334,1.459147917027245
285,12408,4,0.3223726627981947,3102.0,1722064.5,0.8112781244591328
bot_1007,1836,3,1.6339869281045751,612.0,44964.666666666664,1.584962500721156
494,16620,6,0.3610108303249097,2770.0,333241.3333333333,1.459147917027245
bot_1006,540,2,3.7037037037037033,270.0,361.0,1.0
bot_1030,1461,2,1.3689253935660506,730.5,43056.25,1.0
138,24457,8,0.32710471439669625,3057.125,1013881.609375,0.954434002924965
bot_1045,2565,3,1.1695906432748537,855.0,2848.6666666666665,1.584962500721156
833,33385,8,0.23962857570765314,4173.125,641548.359375,1.4056390622295665
750,19154,7,0.3654589119766106,2736.285714285714,732414.2040816328,1.556656707462823
753,17962,5,0.27836543814719966,3592.4,831286.24,1.370950594454669
930,19902,6,0.3014772384684956,3317.0,812720.0,1.9182958340544896
859,21300,7,0.32863849765258213,3042.8571428571427,822152.1224489795,1.950212064914747
bot_1041,1622,2,1.2330456226880393,811.0,8464.0,1.0
bot_1059,2762,3,1.0861694424330195,920.6666666666666,450.88888888888886,1.584962500721156
bot_1017,942,2,2.1231422505307855,471.0,961.0,1.0
781,15922,5,0.314030900640623,3184.4,1164838.64,1.370950594454669
964,25221,7,0.2775464890369137,3603.0,530428.8571428572,1.950212064914747
773,15740,4,0.25412960609911056,3935.0,856426.5,1.5
634,14373,5,0.34787448688513184,2874.6,835249.84,1.5219280948873626
596,17988,6,0.333555703802535,2998.0,930183.0,1.459147917027245
169,7618,4,0.5250721974271462,1904.5,96773.25,1.0
973,14251,5,0.3508525717493509,2850.2,1004017.36,1.9219280948873625
71,16470,4,0.24286581663630846,4117.5,306870.75,1.0
981,11504,4,0.34770514603616137,2876.0,1341990.5,0.8112781244591328
978,30196,8,0.2649357530798781,3774.5,736070.5,1.9056390622295665
702,18524,6,0.32390412437918376,3087.3333333333335,776239.222222222,1.459147917027245
232,18962,4,0.2109482122139015,4740.5,44909.25,0.8112781244591328
602,16503,5,0.3029752166272799,3300.6,848601.4400000001,1.5219280948873626
525,17774,6,0.3375717339934736,2962.3333333333335,800103.8888888889,1.459147917027245
bot_1139,2436,3,1.2315270935960592,812.0,19656.0,1.584962500721156
bot_1134,2014,4,1.98609731876862,503.5,28226.75,2.0
990,15317,5,0.3264346804204479,3063.4,397727.04,1.9219280948873625
134,31480,8,0.25412960609911056,3935.0,579161.75,1.8112781244591327
996,24104,6,0.24892134085628942,4017.3333333333335,763254.2222222224,1.9182958340544896
747,13866,4,0.28847540747151307,3466.5,183195.25,1.0
227,19485,6,0.30792917628945343,3247.5,1462212.9166666667,1.584962500721156
452,19093,7,0.3666265123343634,2727.5714285714284,668424.244897959,1.6644977792004614
994,25503,8,0.3136885856565894,3187.875,860272.359375,1.5612781244591325
127,22311,7,0.31374658240329883,3187.285714285714,1149357.632653061,1.8423709931771088
447,22531,6,0.2662997647685411,3755.1666666666665,201366.1388888889,1.7924812503605783
bot_1061,912,2,2.1929824561403506,456.0,900.0,1.0
628,14254,5,0.3507787287778869,2850.8,1282804.1600000001,1.370950594454669
180,24798,7,0.2822808290991209,3542.5714285714284,117153.38775510206,1.556656707462823
488,11500,4,0.34782608695652173,2875.0,1534908.5,1.5
743,26867,7,0.2605426731678267,3838.1428571428573,433215.55102040817,1.8423709931771088
117,9972,4,0.4011231448054553,2493.0,255550.0,1.5
477,18032,7,0.38819875776397517,2576.0,710394.8571428572,1.3787834934861756
118,23246,7,0.3011270756259142,3320.8571428571427,1240133.551020408,1.3787834934861756
945,27800,8,0.28776978417266186,3475.0,1050897.75,1.811278124459133
475,15642,4,0.2557217747091165,3910.5,1140900.75,1.0
182,21858,8,0.3659987190044835,2732.25,771892.6875,1.9056390622295665
688,20923,7,0.3345600535296086,2989.0,962895.1428571428,1.8423709931771086
234,12061,5,0.41455932343918417,2412.2,686613.36,1.9219280948873625
889,26524,8,0.3016136329362087,3315.5,1437115.5,1.5612781244591325
762,9910,5,0.5045408678102926,1982.0,110883.2,1.5219280948873626
898,22248,6,0.2696871628910464,3708.0,258157.33333333334,1.459147917027245
91,19007,6,0.315673173041511,3167.8333333333335,861327.8055555556,1.9182958340544896
729,27361,8,0.2923869741603011,3420.125,872142.109375,1.75
772,12278,4,0.3257859586251832,3069.5,487607.25,0.8112781244591328
bot_1073,1865,4,2.1447721179624666,466.25,14223.6875,2.0
638,13675,4,0.29250457038391225,3418.75,1874179.6875,2.0
880,11889,4,0.3364454537808058,2972.25,427401.1875,1.0
bot_1126,2440,4,1.639344262295082,610.0,42358.5,2.0
148,14198,5,0.35216227637695446,2839.6,449985.84,1.370950594454669
623,23517,7,0.2976570140749245,3359.5714285714284,1304708.8163265307,1.950212064914747
442,15671,4,0.2552485482738817,3917.75,1281432.1875,1.5
321,13430,4,0.29784065524944153,3357.5,581185.25,1.5
490,29092,7,0.24061597690086622,4156.0,349175.4285714286,1.3787834934861756
999,22377,7,0.31282120033963445,3196.714285714286,688172.4897959185,1.4488156357251847
206,10049,4,0.3980495571698677,2512.25,188665.6875,1.5
459,24968,7,0.28035885933995514,3566.8571428571427,688649.2653061225,1.8423709931771086
79,21715,6,0.2763067004374856,3619.1666666666665,809521.1388888889,1.459147917027245
65,13317,5,0.3754599384245701,2663.4,914952.64,1.370950594454669
bot_1112,1388,2,1.4409221902017293,694.0,16384.0,1.0
565,26989,8,0.296417058801734,3373.625,839530.734375,0.954434002924965
394,17588,5,0.2842847395951785,3517.6,666395.4400000001,1.370950594454669
804,22462,7,0.31163743210755945,3208.8571428571427,718532.1224489796,1.950212064914747
bot_1055,2857,4,1.400070003500175,714.25,34952.1875,2.0
707,20169,6,0.29748624126134166,3361.5,662070.9166666666,1.9182958340544896
203,24352,7,0.28745072273324573,3478.8571428571427,1077594.1224489794,1.3787834934861756
717,14913,5,0.3352779454167505,2982.6,1743301.8399999999,1.370950594454669
951,12064,4,0.33156498673740054,3016.0,1399482.5,1.5
594,12832,5,0.3896508728179551,2566.4,415625.83999999997,0.9709505944546688
768,16656,5,0.3001921229586936,3331.2,238885.36000000002,1.5219280948873626
805,13084,4,0.3057169061449098,3271.0,168123.5,1.5
735,20878,7,0.3352811571989654,2982.5714285714284,1279318.8163265307,1.6644977792004614
377,19550,6,0.3069053708439898,3258.3333333333335,1548456.2222222222,1.459147917027245
80,25743,8,0.3107640912092608,3217.875,544279.359375,1.4056390622295665
854,23088,6,0.2598752598752599,3848.0,698019.6666666666,1.9182958340544896
736,17725,5,0.2820874471086036,3545.0,672838.8,0.7219280948873623
629,19592,6,0.30624744793793385,3265.3333333333335,740768.5555555555,0.6500224216483541
bot_1141,2698,4,1.4825796886582654,674.5,44915.25,2.0
547,19029,7,0.36785958274213043,2718.4285714285716,878063.3877551019,1.3787834934861756
584,21515,7,0.32535440390425285,3073.5714285714284,1398298.8163265307,1.950212064914747
bot_1085,2637,4,1.5168752370117558,659.25,7421.1875,2.0
151,17232,6,0.34818941504178275,2872.0,256294.0,1.9182958340544896
489,19309,5,0.2589466052100057,3861.8,786151.36,1.5219280948873626
831,19112,6,0.3139388865634157,3185.3333333333335,451813.88888888893,1.9182958340544896
448,23310,8,0.3432003432003432,2913.75,690481.4375,1.4056390622295665
bot_1054,1545,2,1.2944983818770228,772.5,49952.25,1.0
bot_1022,1913,3,1.5682174594877156,637.6666666666666,10888.22222222222,1.584962500721156
435,17653,5,0.28323797654789556,3530.6,856244.24,1.5219280948873626
866,20572,6,0.29165856503986004,3428.6666666666665,953731.2222222221,1.459147917027245
160,15729,6,0.3814609956131986,2621.5,331350.9166666667,1.584962500721156
bot_1145,2731,4,1.4646649578908826,682.75,38704.6875,2.0
800,22052,6,0.2720841647016144,3675.3333333333335,1166005.2222222222,1.9182958340544896
20,11579,4,0.345452975213749,2894.75,995793.1875,1.0
299,18236,5,0.27418293485413464,3647.2,177582.16,0.9709505944546688
211,21477,7,0.32593006472039854,3068.1428571428573,865992.9795918368,1.556656707462823
bot_1122,2476,4,1.6155088852988693,619.0,69218.0,2.0
627,21059,6,0.2849138135713946,3509.8333333333335,856559.8055555555,1.584962500721156
711,19908,6,0.3013863773357444,3318.0,1126135.6666666667,1.9182958340544896
803,20639,6,0.29071175929066334,3439.8333333333335,946033.4722222221,1.9182958340544896
92,19733,6,0.30405919018902344,3288.8333333333335,1095496.4722222222,1.9182958340544896
658,12932,4,0.30931023816888337,3233.0,686825.0,1.5
249,22489,7,0.31126328427231087,3212.714285714286,1033639.3469387755,1.8423709931771088
498,20501,7,0.3414467586946978,2928.714285714286,1140029.632653061,1.950212064914747
74,17849,5,0.2801277382486414,3569.8,844889.36,1.370950594454669
916,19974,6,0.30039050765995795,3329.0,1190889.3333333333,1.2516291673878228
975,13615,4,0.29379360998898274,3403.75,1076560.6875,1.5
802,12315,4,0.32480714575720665,3078.75,1385577.1875,0.8112781244591328
878,27088,7,0.2584170112226816,3869.714285714286,983586.4897959182,0.8631205685666311
bot_1040,1232,2,1.6233766233766234,616.0,14641.0,1.0
573,24001,7,0.29165451439523354,3428.714285714286,802255.9183673469,1.4488156357251847
662,18986,6,0.31602233224481197,3164.3333333333335,467337.88888888893,1.0
205,10722,4,0.37306472673008767,2680.5,537206.25,1.5
659,21738,8,0.36801913699512373,2717.25,434441.9375,0.954434002924965
765,29469,8,0.271471716040585,3683.625,1528011.484375,1.811278124459133
362,19820,6,0.30272452068617556,3303.3333333333335,892146.888888889,1.9182958340544896
934,16561,5,0.3019141356198297,3312.2,1340422.9600000002,1.5219280948873626
310,25291,7,0.2767783005812344,3613.0,639475.1428571428,0.8631205685666311
412,13287,4,0.30104613532023783,3321.75,586048.6875,1.5
476,13241,4,0.3020919870100446,3310.25,863304.6875,1.5
482,22017,6,0.2725166916473634,3669.5,676303.25,1.459147917027245
bot_1021,1996,3,1.503006012024048,665.3333333333334,37134.88888888888,1.584962500721156
bot_1099,1138,2,1.7574692442882252,569.0,120409.0,1.0
bot_1009,2202,3,1.3623978201634879,734.0,56966.0,1.584962500721156
799,30640,8,0.2610966057441253,3830.0,877563.0,1.9056390622295665
360,16177,4,0.24726463497558263,4044.25,1060106.6875,1.5
468,20852,7,0.3356992135046998,2978.8571428571427,1250951.551020408,1.8423709931771086
595,19956,7,0.35077169773501704,2850.8571428571427,1812558.1224489796,1.3787834934861756
195,7565,4,0.5287508261731658,1891.25,129558.6875,0.8112781244591328
640,19102,6,0.31410323526332323,3183.6666666666665,763558.2222222224,1.2516291673878228
434,22135,8,0.36141856787892473,2766.875,776731.359375,1.5612781244591325
288,20639,6,0.29071175929066334,3439.8333333333335,861743.4722222224,1.9182958340544896
514,14863,4,0.269124672004306,3715.75,303821.1875,1.0
810,19502,6,0.3076607527433084,3250.3333333333335,870544.2222222224,1.0
788,22618,8,0.3537005924484924,2827.25,1042016.1875,1.9056390622295665
887,25354,7,0.27609055770292656,3622.0,971048.0,1.556656707462823
808,17638,6,0.3401746229731262,2939.6666666666665,1078270.5555555557,0.9182958340544894
502,26418,7,0.2649708532061473,3774.0,577431.7142857143,0.8631205685666311
259,24480,8,0.32679738562091504,3060.0,1003340.5,1.75
214,19432,6,0.3087690407575134,3238.6666666666665,1452404.888888889,1.2516291673878228
527,21116,7,0.33150217844288693,3016.5714285714284,779048.8163265307,1.4488156357251847
154,15546,4,0.2573009134182426,3886.5,359022.25,1.5
bot_1066,1152,2,1.7361111111111112,576.0,41616.0,1.0
691,21434,7,0.3265839320705421,3062.0,603332.0,1.950212064914747
876,26767,8,0.29887548100272726,3345.875,1488358.109375,1.9056390622295665
535,13061,4,0.3062552637623459,3265.25,319446.1875,1.5
330,28727,8,0.27848365649040974,3590.875,654349.359375,1.75
453,23486,8,0.34062845950779186,2935.75,1029640.1875,1.75
107,30354,8,0.2635566976345786,3794.25,454759.6875,1.9056390622295662
10,14217,4,0.281353309418302,3554.25,890517.1875,1.0
bot_1098,1570,3,1.910828025477707,523.3333333333334,3809.555555555556,1.584962500721156
616,17325,5,0.28860028860028863,3465.0,968009.2,1.370950594454669
314,16680,5,0.2997601918465228,3336.0,999268.4,1.5219280948873626
865,13876,5,0.3603343903142116,2775.2,243508.55999999997,1.9219280948873625
189,23823,7,0.2938336901313856,3403.285714285714,1118772.775510204,1.8423709931771088
633,9976,4,0.4009623095429029,2494.0,992211.5,2.0
192,11810,4,0.3386960203217612,2952.5,1493173.25,1.5
14,13683,4,0.2923335525834978,3420.75,497499.6875,1.5
12,13105,4,0.30522701259061424,3276.25,536937.1875,1.5
168,23297,8,0.3433918530282869,2912.125,535898.359375,1.75
976,22743,7,0.3077870113881194,3249.0,862134.0,1.556656707462823
925,10757,4,0.3718508877939946,2689.25,774297.1875,1.5
343,25518,7,0.2743161689787601,3645.4285714285716,804456.8163265307,1.3787834934861756
224,26974,7,0.2595091569659672,3853.4285714285716,523889.1020408163,1.8423709931771088
972,19176,5,0.26074259491030455,3835.2,660922.1599999999,1.9219280948873625
867,18721,5,0.267079750013354,3744.2,673937.76,1.5219280948873626
bot_1129,914,3,3.282275711159737,304.6666666666667,176.2222222222222,1.584962500721156
807,24565,7,0.2849582739670262,3509.285714285714,1018882.7755102039,1.556656707462823
108,13779,4,0.29029682850714855,3444.75,1432896.1875,1.5
325,25749,7,0.27185521767835646,3678.4285714285716,576401.6734693877,1.3787834934861756
405,22669,7,0.30879174202655607,3238.4285714285716,913498.244897959,1.4488156357251847
28,16202,6,0.37032465127762,2700.3333333333335,809456.5555555556,1.459147917027245
609,25431,8,0.3145766977311156,3178.875,1044501.609375,1.2987949406953987
260,16737,6,0.35848718408316904,2789.5,745950.5833333334,1.9182958340544896
744,21537,5,0.2321586107628732,4307.4,153213.84,0.9709505944546688
bot_1048,2220,4,1.8018018018018016,555.0,47235.5,2.0
313,15380,5,0.3250975292587776,3076.0,1211559.2,1.5219280948873626
562,22704,6,0.2642706131078224,3784.0,437862.0,1.459147917027245
586,19413,6,0.3090712409210323,3235.5,1176076.25,1.9182958340544896
126,12257,4,0.3263441298849637,3064.25,788747.6875,1.5
61,11773,5,0.42470058608680883,2354.6,461601.04000000004,0.7219280948873623
532,15059,4,0.2656218872435089,3764.75,482274.6875,0.8112781244591328
304,16931,6,0.35437954048786247,2821.8333333333335,1719888.4722222222,1.584962500721156
bot_1115,1739,3,1.7251293847038527,579.6666666666666,15202.888888888889,1.584962500721156
331,12645,5,0.3954132068011072,2529.0,769118.0,1.9219280948873625
817,14130,5,0.3538570417551309,2826.0,993437.2,1.370950594454669
57,19735,5,0.2533569799847986,3947.0,486488.4,1.370950594454669
815,25651,6,0.2339090093953452,4275.166666666667,244280.1388888889,1.584962500721156
818,13589,4,0.2943557288983737,3397.25,1164783.6875,1.5
122,16073,5,0.3110806943321097,3214.6,814098.6399999999,1.9219280948873625
695,25192,8,0.31756113051762463,3149.0,398558.0,1.9056390622295665
407,14333,4,0.27907625758738575,3583.25,1419529.6875,1.5
572,12997,4,0.3077633299992306,3249.25,605360.1875,2.0
161,19567,7,0.3577451832166403,2795.285714285714,1071517.3469387756,1.3787834934861756
738,17183,5,0.29098527614502706,3436.6,1176878.24,1.5219280948873626
682,17317,5,0.28873361436738465,3463.4,963716.64,1.5219280948873626
68,11916,5,0.4196038939241356,2383.2,704049.76,0.9709505944546688
171,16285,5,0.30703101013202333,3257.0,1415844.8,1.5219280948873626
bot_1140,1238,2,1.6155088852988693,619.0,19321.0,1.0
36,14101,5,0.35458478122118997,2820.2,814678.96,1.5219280948873626
286,23043,8,0.34717701688148245,2880.375,393797.234375,1.9056390622295665
bot_1016,1817,3,1.651073197578426,605.6666666666666,57273.555555555555,1.584962500721156
556,21172,6,0.28339316077838655,3528.6666666666665,1002732.2222222221,1.9182958340544896
347,19420,5,0.2574665293511843,3884.0,892015.6,1.5219280948873626
bot_1097,1303,2,1.5349194167306217,651.5,101442.25,1.0
bot_1137,2847,4,1.4049877063575693,711.75,75649.6875,2.0
770,16200,6,0.3703703703703704,2700.0,294264.0,1.459147917027245
931,22686,7,0.30856034558758705,3240.8571428571427,1280671.5510204083,1.6644977792004614
922,23312,7,0.30027453671928617,3330.285714285714,860216.4897959183,1.950212064914747
598,13851,4,0.28878781315428487,3462.75,144669.6875,1.5
444,21640,6,0.27726432532347506,3606.6666666666665,293394.88888888893,1.584962500721156
993,17087,6,0.3511441446713876,2847.8333333333335,1219012.4722222225,1.2516291673878228
458,21981,8,0.3639506846822255,2747.625,1052954.984375,1.75
946,14169,4,0.2823064436445762,3542.25,274011.1875,1.0
795,20152,6,0.29773719730051607,3358.6666666666665,1225802.5555555557,0.9182958340544894
185,12548,4,0.318775900541919,3137.0,125449.0,1.5
614,17546,6,0.34195828108970705,2924.3333333333335,940685.2222222221,0.9182958340544894
365,12517,4,0.31956539106814735,3129.25,943180.1875,1.5
58,32075,8,0.24941543257989085,4009.375,786157.734375,1.811278124459133
892,10833,4,0.36924213052709315,2708.25,481687.6875,1.5
294,27550,8,0.29038112522686027,3443.75,1178847.6875,1.9056390622295665
399,10187,4,0.3926573083341514,2546.75,103192.1875,1.5
734,19643,6,0.3054523239830983,3273.8333333333335,1035207.8055555554,1.459147917027245
603,19258,6,0.31155883269290685,3209.6666666666665,583673.8888888889,1.459147917027245
746,18855,5,0.26518164942985945,3771.0,803206.0,1.5219280948873626
bot_1074,912,2,2.1929824561403506,456.0,3844.0,1.0
451,26447,8,0.3024917760048399,3305.875,1254427.359375,1.9056390622295665
bot_1130,1460,2,1.36986301369863,730.0,8281.0,1.0
78,11415,4,0.3504161191414805,2853.75,1427283.6875,0.8112781244591328
328,27813,8,0.28763527846690395,3476.625,846289.234375,1.9056390622295665
426,23697,7,0.29539604169304134,3385.285714285714,1174238.204081633,1.4488156357251847
53,11883,4,0.3366153328284104,2970.75,607245.6875,0.0
319,21469,7,0.32605151613955,3067.0,1087552.0,1.8423709931771088
296,15236,4,0.2625360987135731,3809.0,918923.0,1.5
110,10126,4,0.39502271380604387,2531.5,515344.75,1.5
433,27438,7,0.2551206356148407,3919.714285714286,360429.3469387755,1.8423709931771088
461,17472,6,0.3434065934065934,2912.0,1028510.3333333334,1.7924812503605783
380,25793,8,0.31016167177141085,3224.125,1196315.359375,1.9056390622295665
438,27585,7,0.2537611020482146,3940.714285714286,1155501.0612244897,1.3787834934861756
868,17869,5,0.279814203368963,3573.8,282444.16,1.5219280948873626
333,24746,7,0.2828739998383577,3535.1428571428573,358877.55102040817,1.8423709931771088
264,15344,5,0.32586027111574556,3068.8,959653.3600000001,1.5219280948873626
0,16821,5,0.2972474882587242,3364.2,450190.95999999996,1.9219280948873625
158,13525,4,0.29574861367837335,3381.25,364632.6875,1.5
568,23705,7,0.29529635098080576,3386.4285714285716,490521.6734693878,1.556656707462823
954,21852,7,0.3203368112758557,3121.714285714286,364474.20408163266,1.4488156357251847
165,21070,7,0.33222591362126247,3010.0,982054.5714285715,1.950212064914747
1,26469,7,0.2644603120631682,3781.285714285714,864019.9183673469,1.8423709931771086
72,26821,7,0.260989523134857,3831.5714285714284,663979.1020408163,1.8423709931771086
740,26249,7,0.2666768257838394,3749.8571428571427,705845.5510204082,1.556656707462823
422,28066,8,0.2850424000570085,3508.25,949928.4375,1.9056390622295665
789,29993,8,0.26672890341079586,3749.125,885077.609375,1.2987949406953987
bot_1123,2914,4,1.3726835964310227,728.5,53809.25,2.0
416,27764,8,0.28814291888776833,3470.5,835109.25,1.8112781244591327
543,13685,5,0.36536353671903543,2737.0,1245220.0,1.9219280948873625
bot_1120,1981,4,2.0191822311963654,495.25,53223.1875,2.0
814,24811,7,0.28213292491233727,3544.4285714285716,735515.6734693878,1.556656707462823
466,18948,7,0.3694321300401098,2706.8571428571427,784327.8367346938,1.8423709931771088
341,15858,4,0.2522386177323748,3964.5,344310.25,1.5
427,17500,6,0.34285714285714286,2916.6666666666665,645503.8888888889,1.7924812503605783
610,18502,5,0.2702410550210788,3700.4,667893.04,1.9219280948873625
955,9816,4,0.40749796251018744,2454.0,585838.0,0.8112781244591328
178,22627,7,0.30936491801829674,3232.4285714285716,1604933.6734693875,0.9852281360342515
43,17435,5,0.28677946659019216,3487.0,907598.8,0.7219280948873623
832,9956,4,0.40176777822418647,2489.0,195254.0,1.0
267,12682,5,0.39425958050780635,2536.4,437113.04000000004,1.5219280948873626
939,22676,7,0.3086964191215382,3239.4285714285716,1506189.3877551018,1.4488156357251847
830,17110,6,0.3506721215663355,2851.6666666666665,307778.55555555556,1.584962500721156
bot_1148,1920,3,1.5625,640.0,87804.66666666667,1.584962500721156
282,24343,8,0.3286365690342193,3042.875,1030068.359375,1.5487949406953987
521,27028,8,0.2959893443836022,3378.5,1015328.75,1.9056390622295665
551,26034,8,0.30729046631328266,3254.25,1518105.9375,1.9056390622295665
906,20896,7,0.33499234303215925,2985.1428571428573,1093433.551020408,1.4488156357251847
726,13119,4,0.3049012882079427,3279.75,149277.1875,0.8112781244591328
813,22805,6,0.263100197325148,3800.8333333333335,1077275.8055555557,1.459147917027245
798,17862,6,0.33590863285186434,2977.0,644837.3333333334,1.459147917027245
891,28120,8,0.28449502133712656,3515.0,974957.25,1.9056390622295665
59,20156,6,0.2976781107362572,3359.3333333333335,533432.2222222222,1.459147917027245
385,23904,7,0.2928380187416332,3414.8571428571427,1324202.693877551,1.950212064914747
311,19514,7,0.3587168186942708,2787.714285714286,1198107.918367347,1.8423709931771088
423,28366,8,0.28202777973630405,3545.75,980872.4375,1.75
388,23111,8,0.3461555103630306,2888.875,689743.859375,1.9056390622295665
356,28488,8,0.2808199943836001,3561.0,1106960.0,1.75
697,31050,7,0.22544283413848631,4435.714285714285,153810.77551020408,1.4488156357251847
342,12723,5,0.39298907490371765,2544.6,658391.4400000001,1.9219280948873625
723,13614,4,0.29381519024533564,3403.5,702929.25,1.5
351,16013,5,0.3122462998813464,3202.6,1417210.2399999998,1.5219280948873626
bot_1135,1283,2,1.558846453624318,641.5,59780.25,1.0
83,17346,6,0.3459010722933241,2891.0,506674.3333333333,1.459147917027245
650,17548,6,0.34191930704353773,2924.6666666666665,788489.5555555555,1.459147917027245
418,19643,5,0.2545436033192486,3928.6,1324773.44,0.7219280948873623
690,18049,6,0.33242838938445346,3008.1666666666665,1068610.138888889,1.459147917027245
944,25257,8,0.3167438729857069,3157.125,815191.359375,1.75
825,20658,6,0.2904443799012489,3443.0,1158398.3333333333,1.459147917027245
960,17340,6,0.34602076124567477,2890.0,796724.6666666666,1.9182958340544896
95,17600,5,0.28409090909090906,3520.0,1589802.8,1.9219280948873625
503,21645,5,0.231000231000231,4329.0,197106.4,0.9709505944546688
877,14121,5,0.3540825720558034,2824.2,920082.96,0.9709505944546688
bot_1049,1597,2,1.2523481527864746,798.5,1406.25,1.0
428,7439,4,0.5377066810055114,1859.75,75153.6875,0.8112781244591328
204,21567,7,0.32456994482310936,3081.0,1200853.142857143,1.950212064914747
646,25105,7,0.2788289185421231,3586.4285714285716,690790.5306122449,1.950212064914747
965,11289,4,0.35432722118876786,2822.25,138132.6875,1.5
bot_1001,1860,3,1.6129032258064515,620.0,10312.666666666666,1.584962500721156
bot_1149,1087,2,1.8399264029438822,543.5,132.25,1.0
704,24651,7,0.28396413938582615,3521.5714285714284,612334.530612245,1.3787834934861756
bot_1119,913,2,2.190580503833516,456.5,1560.25,1.0
367,15777,5,0.31691703112125247,3155.4,1777458.6400000001,1.370950594454669
217,24679,8,0.32416224320272297,3084.875,517581.609375,1.9056390622295665
464,13964,4,0.2864508736751647,3491.0,1568602.5,0.8112781244591328
967,13469,4,0.2969782463434554,3367.25,567041.1875,1.5
274,23648,7,0.2960081190798376,3378.285714285714,728247.3469387756,1.8423709931771088
366,25712,7,0.27224642190416926,3673.1428571428573,1001212.4081632653,1.556656707462823
243,21529,7,0.32514283060058524,3075.5714285714284,1220891.6734693882,1.556656707462823
449,24571,8,0.3255870741931545,3071.375,1199908.484375,1.75
775,23042,7,0.3037930735179238,3291.714285714286,958284.2040816328,1.556656707462823
632,20198,5,0.24754926230319832,4039.6,466649.04000000004,1.5219280948873626
559,18768,5,0.26641091219096336,3753.6,584183.0399999999,0.0
bot_1088,1794,2,1.1148272017837235,897.0,5041.0,1.0
905,26304,7,0.2661192214111922,3757.714285714286,966561.3469387755,1.8423709931771088
989,18600,6,0.3225806451612903,3100.0,927503.6666666666,1.459147917027245
bot_1103,2195,4,1.8223234624145788,548.75,29418.6875,2.0
848,19159,6,0.31316874575917325,3193.1666666666665,671930.4722222222,1.9182958340544896
620,21219,6,0.28276544606249115,3536.5,867062.25,1.459147917027245
298,19660,7,0.3560528992878942,2808.5714285714284,1054927.387755102,1.6644977792004614
40,19177,6,0.3128747979350263,3196.1666666666665,1387452.1388888888,1.459147917027245
886,13079,4,0.3058337793409282,3269.75,318424.1875,0.8112781244591328
430,25971,7,0.26953140040814755,3710.1428571428573,503996.69387755106,1.950212064914747
89,15877,4,0.25193676387226804,3969.25,515997.6875,1.5
87,10324,4,0.38744672607516467,2581.0,1017462.5,1.5
84,27129,7,0.25802646614324154,3875.5714285714284,992474.244897959,1.4488156357251847
429,15347,4,0.2606372580960448,3836.75,779424.1875,1.5
364,20452,6,0.2933698415802855,3408.6666666666665,934449.2222222221,1.7924812503605783
156,15860,7,0.44136191677175285,2265.714285714286,243873.34693877553,1.8423709931771086
485,17999,6,0.3333518528807156,2999.8333333333335,1108302.138888889,1.7924812503605783
255,21669,6,0.2768932576491762,3611.5,1210526.9166666667,1.584962500721156
987,25882,7,0.27045823352136616,3697.4285714285716,635023.1020408163,1.950212064914747
715,31256,8,0.2559508574353724,3907.0,1235804.25,1.9056390622295665
86,22217,6,0.27006346491425487,3702.8333333333335,795518.4722222221,1.0
170,32031,8,0.24975804689207332,4003.875,428036.859375,1.4056390622295665
879,26372,8,0.3033520400424693,3296.5,596036.75,1.9056390622295665
861,14856,4,0.2692514808831449,3714.0,638626.5,2.0
103,10747,5,0.46524611519493814,2149.4,359999.04000000004,1.5219280948873626
497,13398,4,0.29855202268995373,3349.5,1295081.25,2.0
bot_1136,1824,4,2.1929824561403506,456.0,100922.5,2.0
661,24747,8,0.32327150765749385,3093.375,593761.484375,1.75
561,9553,4,0.4187166335182665,2388.25,386178.1875,1.5
419,29887,8,0.2676749088232342,3735.875,806036.609375,1.75
73,13653,4,0.2929759027320003,3413.25,787229.6875,2.0
bot_1102,1542,3,1.9455252918287937,514.0,33602.666666666664,1.584962500721156
974,14214,5,0.35176586464049525,2842.8,919853.3600000001,1.9219280948873625
bot_1050,1584,3,1.8939393939393938,528.0,66854.0,1.584962500721156
710,18543,5,0.2696435312516853,3708.6,632352.24,1.9219280948873625
406,25034,8,0.31956539106814735,3129.25,850524.4375,1.5612781244591325
17,16941,5,0.2951419632843398,3388.2,1295634.9600000002,1.370950594454669
301,28898,8,0.2768357671811198,3612.25,638848.1875,1.9056390622295665
829,20605,6,0.2911914583838874,3434.1666666666665,767014.8055555555,1.9182958340544896
338,24797,7,0.2822922127676735,3542.4285714285716,1105703.6734693877,1.4488156357251847
625,18029,6,0.3327971601309002,3004.8333333333335,606690.8055555556,1.2516291673878228
915,14849,5,0.3367230116506162,2969.8,966079.76,1.5219280948873626
962,23031,7,0.30393817029221487,3290.1428571428573,1431533.5510204083,1.8423709931771086
166,26630,8,0.3004130679684566,3328.75,660753.4375,1.5612781244591325
463,16930,5,0.29533372711163614,3386.0,1390540.0,1.5219280948873626
219,27733,7,0.2524068798903833,3961.8571428571427,305578.1224489796,1.1488348542809168
322,12768,4,0.3132832080200501,3192.0,991686.5,1.5
528,26314,7,0.26601808923006764,3759.1428571428573,388897.2653061225,1.4488156357251847
846,24469,7,0.2860762597572438,3495.5714285714284,1108943.9591836734,1.8423709931771088
546,12712,4,0.3146633102580239,3178.0,1014127.5,1.5
757,26996,8,0.29634019854793303,3374.5,522980.0,1.4056390622295665
856,25009,8,0.31988484145707546,3126.125,885509.859375,1.5612781244591325
700,23186,7,0.3019063227809885,3312.285714285714,464731.06122448976,1.556656707462823
390,12617,4,0.3170325750970912,3154.25,744449.1875,1.0
457,22274,8,0.35916314986082426,2784.25,862021.1875,1.5
555,14171,5,0.3528332510055748,2834.2,1273889.3599999999,1.5219280948873626
66,14504,5,0.34473248758963043,2900.8,1153395.76,1.9219280948873625
bot_1035,1787,3,1.6787912702853947,595.6666666666666,32149.55555555556,1.584962500721156
354,11773,4,0.33976046886944705,2943.25,326092.1875,0.8112781244591328
816,20256,6,0.2962085308056872,3376.0,307563.3333333333,1.7924812503605783
132,22292,7,0.31401399605239544,3184.5714285714284,598035.6734693878,1.8423709931771086
81,13862,4,0.28855864954552013,3465.5,516182.25,1.5
265,22765,7,0.3074895673182517,3252.1428571428573,608209.2653061225,1.8423709931771088
928,19880,7,0.35211267605633806,2840.0,741442.8571428572,1.3787834934861756
49,16055,4,0.24914356898162568,4013.75,220236.1875,1.5
19,19906,6,0.30141665829398173,3317.6666666666665,1160307.5555555555,1.9182958340544896
771,16580,4,0.24125452352231608,4145.0,472171.0,0.8112781244591328
142,11153,4,0.35864789742670133,2788.25,830853.6875,1.5
76,12867,4,0.3108727753167016,3216.75,269422.1875,1.5
705,20158,8,0.39686476833019146,2519.75,258859.1875,1.0
959,19124,6,0.3137418950010458,3187.3333333333335,870397.5555555555,1.7924812503605783
162,15921,5,0.3140506249607437,3184.2,894209.36,1.5219280948873626
604,14310,5,0.3494060097833683,2862.0,982789.2,1.9219280948873625
bot_1026,1915,4,2.0887728459530024,478.75,47729.1875,2.0
706,23434,7,0.2987112742169497,3347.714285714286,1322474.2040816327,1.3787834934861756
bot_1057,1989,4,2.0110608345902463,497.25,14789.6875,2.0
988,12271,4,0.3259718034390025,3067.75,924055.6875,1.5
917,22882,7,0.30591731492002444,3268.8571428571427,574168.693877551,1.3787834934861756
374,16495,6,0.3637465898757199,2749.1666666666665,556676.4722222221,1.459147917027245
bot_1081,3320,4,1.2048192771084338,830.0,13277.0,2.0
560,24932,7,0.2807636772019894,3561.714285714286,1019771.918367347,1.8423709931771088
554,26256,8,0.30469226081657524,3282.0,1375102.75,1.5612781244591325
599,22051,6,0.27209650355992926,3675.1666666666665,1437640.4722222222,1.7924812503605783
197,26630,7,0.26286143447239957,3804.285714285714,1385791.6326530613,1.4488156357251847
542,16511,5,0.3028284174186906,3302.2,1763440.5599999998,1.9219280948873625
647,16080,4,0.24875621890547267,4020.0,363905.0,0.8112781244591328
486,25950,8,0.3082851637764933,3243.75,652697.4375,1.061278124459133
315,21740,6,0.27598896044158233,3623.3333333333335,505451.5555555555,1.459147917027245
742,10298,4,0.38842493688094776,2574.5,764808.75,1.5
105,15592,5,0.3206772703950744,3118.4,728309.44,0.9709505944546688
64,22758,6,0.2636435539151068,3793.0,704222.0,1.459147917027245
3,16123,6,0.3721391800533399,2687.1666666666665,1109623.8055555555,1.459147917027245
843,23318,7,0.30019727249335276,3331.1428571428573,851817.8367346938,1.950212064914747
694,27300,7,0.2564102564102564,3900.0,659547.1428571428,1.556656707462823
455,12002,4,0.33327778703549404,3000.5,1126085.25,0.8112781244591328
bot_1132,1825,3,1.6438356164383563,608.3333333333334,23504.88888888889,1.584962500721156
149,17320,7,0.40415704387990764,2474.285714285714,637328.4897959183,1.8423709931771086
355,16142,5,0.3097509602279767,3228.4,251538.24,0.9709505944546688
491,17602,6,0.3408703556414044,2933.6666666666665,828441.8888888889,1.459147917027245
408,15769,5,0.3170778108947936,3153.8,825888.1599999999,1.5219280948873626
881,27242,8,0.2936641949930255,3405.25,741880.4375,1.5612781244591325
888,16375,5,0.3053435114503817,3275.0,688411.6,0.9709505944546688
371,21098,8,0.3791828609346858,2637.25,138463.4375,1.9056390622295662
591,11068,5,0.4517528008673654,2213.6,172723.84,1.5219280948873626
469,14244,5,0.35102499297950013,2848.8,490496.95999999996,1.9219280948873625
779,14792,5,0.3380205516495403,2958.4,1284205.84,1.9219280948873625
842,19209,6,0.31235358425737936,3201.5,1097667.5833333333,1.9182958340544896
164,16739,4,0.23896290100961826,4184.75,369507.6875,1.5
420,12255,4,0.3263973888208894,3063.75,29693.1875,1.5
639,17203,5,0.29064698017787594,3440.6,1030760.24,1.370950594454669
bot_1020,1220,2,1.639344262295082,610.0,68121.0,1.0
821,22036,6,0.2722817208204756,3672.6666666666665,1246510.2222222222,1.459147917027245
801,14087,6,0.42592461134379217,2347.8333333333335,1442644.8055555557,1.2516291673878228
bot_1147,2107,3,1.4238253440911246,702.3333333333334,41866.88888888888,1.584962500721156
97,20339,7,0.3441663798613501,2905.5714285714284,1047840.8163265307,1.8423709931771088
611,17818,7,0.3928611516444045,2545.4285714285716,849532.8163265305,1.8423709931771088
302,19369,5,0.25814445763849453,3873.8,923542.1599999999,1.5219280948873626
644,18149,6,0.3305967270924018,3024.8333333333335,183093.47222222222,1.459147917027245
190,12625,4,0.31683168316831684,3156.25,625308.1875,1.5
290,21906,7,0.31954715603031136,3129.4285714285716,882038.8163265307,1.8423709931771088
790,25533,8,0.31332001723260094,3191.625,1085639.234375,1.811278124459133
312,21707,7,0.32247662044501774,3101.0,1355990.5714285714,1.8423709931771088
119,15036,5,0.3325352487363661,3007.2,456700.95999999996,1.9219280948873625
526,23902,8,0.33470002510250185,2987.75,334248.4375,1.9056390622295662
bot_1028,1515,2,1.3201320132013201,757.5,32220.25,1.0
577,25600,8,0.3125,3200.0,1353623.25,1.4056390622295665
247,21003,6,0.28567347521782605,3500.5,531190.5833333334,1.584962500721156
956,21357,6,0.2809383340356792,3559.5,1223635.5833333333,1.7924812503605783
794,22781,8,0.35116983451121553,2847.625,704730.484375,1.5
bot_1125,858,3,3.4965034965034967,286.0,2912.0,1.584962500721156
389,21381,7,0.32739348019269443,3054.4285714285716,1021420.244897959,1.950212064914747
bot_1083,998,3,3.006012024048096,332.6666666666667,874.888888888889,1.584962500721156
545,15198,4,0.26319252533228055,3799.5,616448.25,1.5
271,29346,8,0.2726095549649015,3668.25,675155.4375,1.2987949406953987
69,25224,7,0.27751347922613384,3603.4285714285716,414834.53061224485,1.8423709931771086
864,17197,5,0.2907483863464558,3439.4,293057.84,0.9709505944546688
601,21175,7,0.3305785123966942,3025.0,1384440.857142857,1.556656707462823
478,13605,5,0.3675119441381845,2721.0,717677.2,1.5219280948873626
207,17080,5,0.29274004683840754,3416.0,1709718.8,1.9219280948873625
913,15139,5,0.33027280533720854,3027.8,430352.56000000006,1.370950594454669
186,12853,4,0.31121139033688633,3213.25,396548.1875,1.5
82,19979,7,0.3503678862805946,2854.1428571428573,354240.1224489796,1.556656707462823
852,23080,7,0.3032928942807626,3297.1428571428573,1443548.1224489794,0.8631205685666311
392,10063,4,0.3974957766073735,2515.75,1701428.1875,1.5
415,18108,5,0.276121051468964,3621.6,677039.8400000001,1.5219280948873626
bot_1110,1161,2,1.722652885443583,580.5,92112.25,1.0
641,15970,6,0.37570444583594237,2661.6666666666665,641184.5555555555,1.459147917027245
387,14259,4,0.2805245809664072,3564.75,897984.6875,1.5
90,13514,5,0.3699866804795028,2702.8,691964.5599999999,1.370950594454669
537,14243,4,0.28083971073509795,3560.75,503976.6875,0.8112781244591328
585,27993,7,0.25006251562890724,3999.0,482161.71428571426,1.8423709931771088
112,29769,8,0.26873593335348855,3721.125,831048.859375,1.811278124459133
8,16226,5,0.3081474177246395,3245.2,524371.76,1.5219280948873626
904,23836,8,0.3356267830172848,2979.5,1080985.75,1.9056390622295665
874,12887,4,0.3103903158221463,3221.75,284626.6875,1.0
631,14031,4,0.28508303043261346,3507.75,836042.6875,1.5
992,13458,4,0.2972209838014564,3364.5,2038090.25,2.0
bot_1053,1584,2,1.2626262626262625,792.0,289.0,1.0
254,25032,8,0.31959092361776925,3129.0,1472855.5,1.4056390622295665
571,24271,8,0.32961147047917266,3033.875,1320460.609375,1.2987949406953987
684,16936,5,0.29522909777987716,3387.2,1081723.36,1.370950594454669
668,15799,6,0.3797708715741503,2633.1666666666665,806376.4722222224,1.584962500721156
307,24034,7,0.29125405675293337,3433.4285714285716,1105242.244897959,1.8423709931771086
bot_1024,2084,4,1.9193857965451055,521.0,14904.5,2.0
bot_1023,1375,3,2.1818181818181817,458.3333333333333,70393.55555555555,1.584962500721156
350,18369,6,0.32663726931242854,3061.5,925668.5833333334,1.9182958340544896
858,14186,4,0.28196813760045114,3546.5,796666.25,1.5
520,15463,6,0.38802302269934685,2577.1666666666665,853760.4722222224,1.459147917027245
557,22330,6,0.2686968204209584,3721.6666666666665,827752.2222222224,1.9182958340544896
bot_1010,2323,4,1.7219113215669393,580.75,86706.6875,2.0
580,19165,5,0.26089225150013046,3833.0,432684.4,1.9219280948873625
320,12109,4,0.3303328103063837,3027.25,1015599.6875,1.5
bot_1084,1847,4,2.165674066053059,461.75,51223.6875,2.0
443,25105,7,0.2788289185421231,3586.4285714285716,896352.530612245,1.556656707462823
997,23250,8,0.34408602150537637,2906.25,365596.4375,1.4056390622295665
130,22447,7,0.311845680937319,3206.714285714286,1094223.918367347,1.8423709931771088
853,27027,8,0.296000296000296,3378.375,1037623.734375,1.75
337,25402,8,0.31493583182426577,3175.25,1009260.1875,1.75
bot_1042,1438,3,2.086230876216968,479.3333333333333,52540.22222222222,1.584962500721156
280,24044,7,0.2911329229745467,3434.8571428571427,1246382.408163265,1.8423709931771086
660,18310,6,0.3276897870016385,3051.6666666666665,937626.8888888889,1.9182958340544896
672,22711,7,0.308220686011184,3244.4285714285716,947395.9591836735,1.8423709931771086
121,16133,6,0.37190851050641544,2688.8333333333335,936780.4722222224,1.459147917027245
308,18257,6,0.32864106917894503,3042.8333333333335,729517.1388888889,1.584962500721156
353,11409,5,0.4382505039880796,2281.8,450263.75999999995,1.5219280948873626
144,18432,7,0.3797743055555556,2633.1428571428573,601492.693877551,1.556656707462823
163,22654,6,0.26485388893793593,3775.6666666666665,848649.2222222221,1.459147917027245
bot_1117,2113,3,1.419782300047326,704.3333333333334,44877.55555555556,1.584962500721156
534,20335,6,0.2950577821490042,3389.1666666666665,1507737.472222222,1.459147917027245
bot_1046,3105,4,1.288244766505636,776.25,28513.1875,2.0
669,27145,8,0.29471357524405967,3393.125,912031.359375,1.2987949406953987
667,24934,7,0.2807411566535654,3562.0,682049.7142857143,1.950212064914747
124,26971,8,0.2966148826517371,3371.375,1140925.234375,1.5612781244591325
436,14373,4,0.2782995895081055,3593.25,799670.6875,1.5
bot_1068,1701,3,1.763668430335097,567.0,43378.666666666664,1.584962500721156
618,29475,8,0.2714164546225615,3684.375,635397.984375,1.75
645,17748,7,0.3944106378183457,2535.4285714285716,439874.8163265306,1.556656707462823
737,24232,7,0.2888742159128425,3461.714285714286,759039.6326530612,1.8423709931771086
bot_1082,2207,4,1.8124150430448573,551.75,7799.1875,2.0
918,12917,5,0.38708678485716497,2583.4,1268892.6400000001,1.5219280948873626
bot_1067,1279,2,1.563721657544957,639.5,2450.25,1.0
785,27845,8,0.2873047225713773,3480.625,514910.734375,1.75
894,26330,8,0.3038359285985568,3291.25,577801.4375,1.9056390622295665
911,25796,7,0.2713599007598077,3685.1428571428573,893650.4081632653,1.8423709931771086
984,19694,6,0.30466131816796993,3282.3333333333335,1093565.5555555557,1.459147917027245
173,27186,7,0.2574854704627382,3883.714285714286,1163516.2040816327,1.4488156357251847
306,24988,7,0.28013446454298063,3569.714285714286,1481554.2040816327,1.556656707462823
754,14726,4,0.2716284123319299,3681.5,1528630.25,1.5
983,28892,8,0.27689325764917627,3611.5,766112.25,1.9056390622295665
462,20629,6,0.2908526831160017,3438.1666666666665,1345319.4722222222,1.2516291673878228
792,21462,7,0.32615786040443573,3066.0,711561.4285714285,1.3787834934861756
11,26900,8,0.29739776951672864,3362.5,925962.75,1.4056390622295665
bot_1143,2501,3,1.1995201919232308,833.6666666666666,1450.8888888888887,1.584962500721156
223,14849,4,0.26937840932049295,3712.25,239447.1875,1.5
613,21249,5,0.23530519083250978,4249.8,601449.36,0.9709505944546688
504,12778,4,0.3130380341211457,3194.5,698659.25,2.0
50,13258,4,0.3017046311660884,3314.5,1232037.25,0.8112781244591328
938,20801,6,0.28844767078505845,3466.8333333333335,622110.4722222222,1.459147917027245
583,18705,6,0.3207698476343224,3117.5,576063.5833333334,1.9182958340544896
941,16128,4,0.24801587301587302,4032.0,345543.5,1.5
348,16252,4,0.24612355402412012,4063.0,22134.5,1.5
607,14289,4,0.279935614808594,3572.25,21108.6875,1.5
467,22841,7,0.30646644192460926,3263.0,530214.2857142857,1.8423709931771088
6,16130,4,0.24798512089274646,4032.5,637457.25,1.5
21,27512,7,0.2544344286129689,3930.285714285714,600798.2040816325,1.556656707462823
184,18645,5,0.2681684097613301,3729.0,1011958.0,1.5219280948873626
699,16642,4,0.24035572647518327,4160.5,447895.25,1.5
689,17997,6,0.33338889814969164,2999.5,621136.9166666666,0.9182958340544894
383,26492,8,0.3019779556092405,3311.5,480098.5,1.2987949406953987
34,25398,6,0.23623907394283014,4233.0,947045.6666666666,1.584962500721156
379,14765,4,0.2709109380291229,3691.25,1139069.1875,0.8112781244591328
bot_1029,2542,4,1.5735641227380017,635.5,49132.25,2.0
912,17437,6,0.3440958880541377,2906.1666666666665,445681.47222222225,1.7924812503605783
218,12533,4,0.3191574243995851,3133.25,102099.1875,1.5
566,14331,5,0.3488940060009769,2866.2,294646.16000000003,1.9219280948873625
793,12379,4,0.32312787785766217,3094.75,233985.1875,1.5
295,18678,6,0.32123353678123995,3113.0,587525.3333333334,1.584962500721156
39,22451,7,0.31179012070731815,3207.285714285714,678709.0612244897,1.3787834934861756
176,14231,5,0.3513456538542618,2846.2,990855.36,1.370950594454669
716,19347,6,0.31012560086835167,3224.5,1026357.9166666666,1.584962500721156
201,29292,8,0.27311211252219036,3661.5,781146.25,1.5
46,12467,4,0.3208470361755033,3116.75,615173.6875,1.5
963,17424,5,0.28696051423324154,3484.8,1024570.1599999999,1.5219280948873626
837,17771,6,0.3376287209498621,2961.8333333333335,331091.80555555556,1.2516291673878228
484,26453,8,0.30242316561448607,3306.625,1912843.984375,1.4056390622295665
722,15417,5,0.32431731205811765,3083.4,1253042.64,1.5219280948873626
75,20814,6,0.28826751225136926,3469.0,1081428.6666666667,0.6500224216483541
651,22115,6,0.27130906624463036,3685.8333333333335,704805.8055555556,1.459147917027245
439,23993,7,0.29175176093027133,3427.5714285714284,844845.3877551021,1.950212064914747
191,18882,6,0.3177629488401652,3147.0,306225.6666666667,1.459147917027245
673,18371,6,0.3266017092156116,3061.8333333333335,801982.8055555555,1.584962500721156
30,29845,8,0.2680515999329871,3730.625,1044438.484375,1.75
228,11131,4,0.3593567514149672,2782.75,300347.1875,1.5
924,16893,6,0.35517670040845317,2815.5,1342866.9166666667,1.459147917027245
487,17699,6,0.3390022035143228,2949.8333333333335,981783.4722222221,1.9182958340544896
720,20112,6,0.2983293556085919,3352.0,1400527.6666666667,1.459147917027245
96,21062,6,0.28487323141202164,3510.3333333333335,850419.2222222224,1.9182958340544896
506,11776,4,0.33967391304347827,2944.0,1302878.5,0.8112781244591328
612,15477,5,0.3230600245525619,3095.4,836931.8400000001,1.9219280948873625
518,23448,7,0.29853292391675196,3349.714285714286,1141169.918367347,1.556656707462823
635,30276,8,0.2642356982428326,3784.5,524465.25,1.75
493,21900,7,0.31963470319634707,3128.5714285714284,732185.9591836735,1.950212064914747
309,11795,4,0.3391267486222976,2948.75,410118.1875,1.5
826,21348,8,0.3747423646243208,2668.5,1375224.5,1.5
897,13163,5,0.3798526171845324,2632.6,891909.8400000001,1.5219280948873626
761,26747,7,0.26171159382360637,3821.0,656969.1428571428,1.950212064914747
883,13049,4,0.3065368993792628,3262.25,457058.1875,0.8112781244591328
bot_1002,956,2,2.092050209205021,478.0,1936.0,1.0
903,15116,4,0.26462026991267534,3779.0,148288.5,0.8112781244591328
653,19905,7,0.35167043456417985,2843.5714285714284,864987.1020408162,1.556656707462823
445,11924,5,0.41932237504193226,2384.8,659747.36,1.9219280948873625
26,12792,4,0.31269543464665417,3198.0,1013830.5,1.5
194,11082,4,0.36094567767550984,2770.5,721240.75,0.0
982,23348,8,0.3426417680315231,2918.5,549639.5,1.5612781244591325
404,22834,7,0.30656039239730226,3262.0,901865.1428571428,1.8423709931771086
210,14183,4,0.28202777973630405,3545.75,504059.1875,0.8112781244591328
587,25525,8,0.31341821743388837,3190.625,1001700.234375,1.9056390622295665
698,28959,8,0.2762526330329086,3619.875,739903.859375,1.75
229,17228,6,0.3482702577199907,2871.3333333333335,527394.2222222222,1.584962500721156
bot_1077,1982,3,1.513622603430878,660.6666666666666,81416.22222222223,1.584962500721156
597,19560,6,0.3067484662576687,3260.0,1111085.6666666667,1.9182958340544896
263,13474,4,0.29686804215526197,3368.5,1146606.75,1.5
544,15294,5,0.32692559173532104,3058.8,204954.16,1.9219280948873625
349,22595,8,0.3540606328833813,2824.375,1578080.484375,1.9056390622295665
979,25048,8,0.31938677738741617,3131.0,863647.25,1.75
929,18910,7,0.370174510840825,2701.4285714285716,806021.6734693878,1.950212064914747
bot_1043,1150,2,1.7391304347826089,575.0,74529.0,1.0
540,21548,7,0.32485613514015227,3078.285714285714,1063268.4897959183,1.8423709931771086
209,14186,5,0.35246017200056395,2837.2,1197194.56,1.9219280948873625
bot_1114,2357,4,1.697072549851506,589.25,19779.6875,2.0
bot_1063,1940,4,2.061855670103093,485.0,8850.5,2.0
823,26454,8,0.3024117335752627,3306.75,982296.4375,1.561278124459133
576,11299,4,0.3540136295247367,2824.75,1761999.6875,1.5
101,21161,8,0.37805396720381834,2645.125,810438.359375,1.0
538,16150,4,0.24767801857585142,4037.5,263148.75,1.5
38,26928,7,0.2599524658348188,3846.8571428571427,809953.8367346941,1.1488348542809168
686,21801,8,0.36695564423650295,2725.125,1186634.859375,1.8112781244591327
529,25527,7,0.2742194539115446,3646.714285714286,959806.2040816325,1.3787834934861756
495,13289,4,0.3010008277522763,3322.25,1558109.1875,1.5
624,20293,7,0.3449465332873405,2899.0,682928.0,1.556656707462823
676,20449,7,0.34231502762971294,2921.285714285714,1009467.6326530612,1.8423709931771086
692,30560,8,0.2617801047120419,3820.0,862819.5,1.561278124459133
590,25122,7,0.2786402356500279,3588.8571428571427,466400.69387755106,1.8423709931771086
910,16916,5,0.2955781508630882,3383.2,1011877.36,1.370950594454669
431,14772,4,0.27078256160303277,3693.0,949368.0,0.8112781244591328
bot_1052,2408,4,1.6611295681063123,602.0,30579.5,2.0
745,26661,8,0.3000637635497543,3332.625,1179312.984375,1.9056390622295665
687,18289,6,0.3280660506315271,3048.1666666666665,1532005.8055555557,1.9182958340544896
517,13076,4,0.30590394616090544,3269.0,415006.5,1.5
120,19947,6,0.3007971123477215,3324.5,984122.5833333334,1.459147917027245
774,10102,4,0.3959611958028113,2525.5,923584.25,1.0
703,18510,7,0.3781739600216099,2644.285714285714,1182271.6326530613,1.950212064914747
bot_1005,1195,3,2.510460251046025,398.3333333333333,5610.88888888889,1.584962500721156
926,28024,8,0.28546959748786754,3503.0,894679.5,1.4056390622295665
bot_1039,1347,3,2.2271714922048997,449.0,69288.0,1.584962500721156
656,23756,7,0.2946624010776225,3393.714285714286,738067.3469387756,1.556656707462823
948,27501,8,0.29089851278135337,3437.625,880449.484375,1.811278124459133
318,17388,6,0.34506556245686676,2898.0,507521.3333333333,1.2516291673878228
763,14237,4,0.28095806700849896,3559.25,694224.6875,0.8112781244591328
871,22285,7,0.3141126318151223,3183.5714285714284,881249.9591836734,1.3787834934861756
bot_1044,2349,4,1.702852277564921,587.25,32252.6875,2.0
bot_1124,2775,4,1.4414414414414416,693.75,25093.1875,2.0
172,19446,5,0.2571222873598683,3889.2,984713.36,1.370950594454669
25,18279,5,0.2735379397122381,3655.8,1032510.96,1.370950594454669
564,26997,8,0.29632922176538135,3374.625,854663.234375,1.561278124459133
181,15612,6,0.3843197540353574,2602.0,297784.0,1.7924812503605783
bot_1092,757,2,2.642007926023778,378.5,2070.25,1.0
900,14751,4,0.2711680564029557,3687.75,665963.1875,0.8112781244591328
266,17809,5,0.2807569206580942,3561.8,1629302.9600000002,1.5219280948873626
24,24734,8,0.323441416673405,3091.75,1642311.4375,1.8112781244591327
923,11899,4,0.3361627027481301,2974.75,1477180.6875,0.8112781244591328
133,27611,8,0.28973959653761183,3451.375,1186443.484375,1.9056390622295665
111,24080,8,0.33222591362126247,3010.0,439150.0,1.4056390622295665
402,20425,5,0.24479804161566707,4085.0,555388.4,1.370950594454669
909,23077,7,0.30333232222559253,3296.714285714286,1265917.6326530613,1.8423709931771088
724,20565,5,0.24313153415998054,4113.0,441905.2,1.5219280948873626
626,11997,4,0.33341668750520964,2999.25,1082838.6875,2.0
bot_1116,2369,4,1.6884761502743773,592.25,23037.1875,2.0
336,10823,4,0.36958329483507346,2705.75,176273.1875,1.5
492,31676,8,0.2525571410531633,3959.5,1301082.5,1.5
316,20928,7,0.334480122324159,2989.714285714286,655563.9183673467,1.4488156357251847
bot_1107,1452,3,2.066115702479339,484.0,42026.0,1.584962500721156
368,11065,4,0.36150022593764125,2766.25,442898.1875,1.5
681,13046,4,0.3066073892380807,3261.5,862499.25,1.5
359,13051,4,0.30648992414374376,3262.75,1259133.6875,1.0
212,22536,7,0.3106141285055023,3219.4285714285716,915644.8163265307,1.8423709931771086
70,18000,6,0.3333333333333333,3000.0,936550.0,1.9182958340544896
806,17199,5,0.2907145764288621,3439.8,894275.7600000001,1.5219280948873626
822,27207,7,0.25728672768037636,3886.714285714286,1090345.632653061,1.1488348542809168
471,15994,6,0.3751406777541578,2665.6666666666665,768559.5555555555,1.7924812503605783
5,21701,8,0.36864660614718214,2712.625,842483.984375,1.4056390622295665
884,17593,7,0.3978855226510544,2513.285714285714,287589.3469387755,0.9852281360342515
679,21899,7,0.31964929905475137,3128.4285714285716,785306.530612245,1.8423709931771086
381,17377,6,0.3452839960867814,2896.1666666666665,883171.1388888889,1.9182958340544896
bot_1093,1621,3,1.8507094386181369,540.3333333333334,15856.88888888889,1.584962500721156
666,29433,7,0.23782828797608127,4204.714285714285,122525.06122448981,1.6644977792004614
863,26929,7,0.25994281258123214,3847.0,488658.28571428574,1.4488156357251847
533,17742,7,0.3945440198399278,2534.5714285714284,591960.2448979592,1.8423709931771086
732,25826,8,0.30976535274529543,3228.25,805149.4375,1.8112781244591327
77,12620,4,0.3169572107765452,3155.0,1078183.5,1.5
575,15632,4,0.25588536335721596,3908.0,651770.0,1.5
725,11770,4,0.33984706881903143,2942.5,893757.25,0.8112781244591328
bot_1031,1071,2,1.8674136321195145,535.5,15500.25,1.0
474,23241,6,0.258164450755131,3873.5,930699.25,1.9182958340544896
bot_1091,2426,4,1.6488046166529264,606.5,84169.25,2.0
857,23260,7,0.3009458297506449,3322.8571428571427,740071.551020408,1.3787834934861756
277,28191,8,0.2837785108722642,3523.875,1408603.109375,1.9056390622295665
838,29265,8,0.27336408679309754,3658.125,1537159.109375,1.8112781244591327
283,21572,8,0.3708511032820323,2696.5,450651.75,1.811278124459133
758,22089,8,0.3621712164425733,2761.125,1069777.109375,1.4056390622295665
398,15559,4,0.25708593097242755,3889.75,154428.1875,0.8112781244591328
258,16474,6,0.3642102707296346,2745.6666666666665,357677.88888888893,1.9182958340544896
370,20006,7,0.34989503149055284,2858.0,798807.7142857143,1.556656707462823
791,9988,4,0.40048057669203047,2497.0,500004.5,1.0
708,27897,8,0.2867691866508944,3487.125,777498.859375,1.9056390622295662
357,17772,6,0.337609723160027,2962.0,411862.6666666667,0.9182958340544894
417,24565,8,0.3256665988194586,3070.625,655497.484375,2.0
895,24266,6,0.24725954009725543,4044.3333333333335,456258.888888889,1.9182958340544896
382,15955,5,0.31338138514572234,3191.0,546017.2,1.9219280948873625
783,20360,6,0.29469548133595286,3393.3333333333335,568162.8888888889,1.459147917027245
713,16957,5,0.29486347820958897,3391.4,1428799.8399999999,1.370950594454669
345,13411,4,0.2982626202371188,3352.75,353050.1875,0.8112781244591328
567,29186,8,0.2741040224765298,3648.25,1164480.1875,1.5
303,19040,5,0.26260504201680673,3808.0,381584.0,1.370950594454669
202,16271,5,0.3072951877573597,3254.2,512209.36,1.5219280948873626
947,15120,4,0.2645502645502646,3780.0,324133.5,1.5
885,13161,5,0.37991034115948635,2632.2,1166737.76,1.5219280948873626
787,19828,6,0.30260238047205973,3304.6666666666665,1143860.5555555557,1.2516291673878228
bot_1036,799,2,2.5031289111389237,399.5,39006.25,1.0
769,25555,7,0.27391899823909216,3650.714285714286,290852.7755102041,1.556656707462823
569,16579,5,0.301586344170336,3315.8,1741750.9599999997,1.9219280948873625
622,14818,6,0.40491294371710085,2469.6666666666665,91813.88888888888,0.6500224216483541
187,17679,6,0.33938571186153066,2946.5,768137.5833333334,1.459147917027245
579,12909,4,0.30986133705166935,3227.25,357836.6875,1.5
850,17823,6,0.33664366268304996,2970.5,633580.5833333334,1.584962500721156
bot_1138,1250,2,1.6,625.0,76729.0,1.0
bot_1076,2419,4,1.6535758577924762,604.75,42895.6875,2.0
749,12179,4,0.3284341899991789,3044.75,635494.1875,1.5
652,25423,8,0.31467568736970464,3177.875,722481.609375,1.4056390622295665
378,18182,5,0.27499725002749975,3636.4,1173096.24,0.7219280948873623
531,17667,5,0.2830135280466406,3533.4,1375324.24,1.9219280948873625
980,24560,7,0.28501628664495116,3508.5714285714284,541181.3877551021,1.3787834934861756
216,21315,7,0.3284072249589491,3045.0,375010.0,1.1488348542809168
bot_1095,2251,3,1.332741003998223,750.3333333333334,50433.555555555555,1.584962500721156
589,27453,7,0.2549812406658653,3921.8571428571427,433028.97959183675,1.8423709931771088
827,20590,8,0.3885381253035454,2573.75,1052126.1875,1.4056390622295665
995,27397,7,0.2555024272730591,3913.8571428571427,839544.1224489796,1.8423709931771086
55,18886,6,0.3176956475696283,3147.6666666666665,825628.888888889,1.2516291673878228
344,23648,7,0.2960081190798376,3378.285714285714,284386.20408163266,1.556656707462823
507,22735,7,0.3078953155926985,3247.8571428571427,1600743.836734694,1.3787834934861756
bot_1033,2117,3,1.4170996693434106,705.6666666666666,43800.88888888888,1.584962500721156
251,21293,8,0.3757103273376227,2661.625,788040.984375,1.561278124459133
bot_1101,2100,3,1.4285714285714286,700.0,24950.0,1.584962500721156
106,18861,7,0.37113620698796457,2694.4285714285716,775598.2448979592,1.6644977792004612
756,19568,6,0.3066230580539656,3261.3333333333335,1554067.2222222222,1.459147917027245
896,16374,5,0.30536215952119217,3274.8,191623.76,1.5219280948873626
605,15242,4,0.2624327516074006,3810.5,1455805.25,1.5
60,19169,6,0.3130053732589076,3194.8333333333335,764540.138888889,1.9182958340544896
116,24614,8,0.32501828227837815,3076.75,1080121.9375,1.9056390622295665
323,17025,6,0.3524229074889868,2837.5,1264415.25,1.9182958340544896
759,16247,6,0.36929894749799963,2707.8333333333335,421225.8055555555,1.459147917027245
213,18112,5,0.2760600706713781,3622.4,1333097.84,1.370950594454669
bot_1089,1741,3,1.723147616312464,580.3333333333334,84377.55555555555,1.584962500721156
393,16544,6,0.36266924564796904,2757.3333333333335,326781.55555555556,1.9182958340544896
bot_1013,2166,3,1.3850415512465375,722.0,35048.666666666664,1.584962500721156
326,19454,6,0.3084198622391282,3242.3333333333335,1071836.888888889,1.459147917027245
bot_1060,2066,4,1.9361084220716362,516.5,25717.25,2.0
bot_1004,1214,2,1.6474464579901154,607.0,137641.0,1.0
509,21152,7,0.3309379727685325,3021.714285714286,1040682.2040816328,1.4488156357251847
592,28620,7,0.24458420684835777,4088.5714285714284,480262.81632653065,1.6644977792004614
15,16035,6,0.37418147801683815,2672.5,374742.25,1.459147917027245
bot_1047,2189,3,1.3704888076747372,729.6666666666666,105380.22222222223,1.584962500721156
246,22135,7,0.31624124689405914,3162.1428571428573,782293.2653061225,1.556656707462823
63,11046,4,0.3621220351258374,2761.5,887717.25,1.5
143,18296,6,0.3279405334499344,3049.3333333333335,1304969.5555555555,1.2516291673878228
384,14225,4,0.281195079086116,3556.25,1673701.1875,1.5
701,21098,6,0.2843871457010143,3516.3333333333335,340399.88888888893,1.7924812503605783
275,12803,4,0.3124267749746153,3200.75,214100.6875,1.5
665,19339,6,0.31025389110088425,3223.1666666666665,1597178.472222222,1.0
141,23390,7,0.2992731936725096,3341.4285714285716,329023.1020408164,1.8423709931771088
519,23164,6,0.2590226213089276,3860.6666666666665,1096442.5555555557,1.459147917027245
375,15468,5,0.32324799586242564,3093.6,850193.8400000001,1.9219280948873625
67,17238,5,0.290056851142824,3447.6,451254.64,1.5219280948873626
472,26318,7,0.2659776578767383,3759.714285714286,298626.775510204,1.556656707462823
902,19332,5,0.25863852679495136,3866.4,438802.24000000005,1.370950594454669
505,20388,8,0.39238767902687854,2548.5,210131.0,1.9056390622295665
834,19862,7,0.3524317792770114,2837.4285714285716,984891.3877551019,1.8423709931771088
109,20780,7,0.3368623676612127,2968.5714285714284,478802.53061224485,0.8631205685666311
636,17389,6,0.34504571855770894,2898.1666666666665,581256.1388888889,1.459147917027245
483,23489,8,0.3405849546596279,2936.125,1054987.359375,1.9056390622295665
175,25401,8,0.31494823038463055,3175.125,715518.609375,1.5
bot_1096,1822,3,1.646542261251372,607.3333333333334,79174.88888888889,1.584962500721156
440,18495,5,0.2703433360367667,3699.0,1469938.0,1.9219280948873625
128,15695,5,0.31857279388340237,3139.0,326684.8,1.370950594454669
841,17625,6,0.3404255319148936,2937.5,519642.5833333333,1.459147917027245
208,22909,7,0.30555676808241305,3272.714285714286,484662.4897959183,1.3787834934861756
361,24877,7,0.2813844113036138,3553.8571428571427,832915.5510204082,1.8423709931771086
731,18200,4,0.21978021978021978,4550.0,134409.5,2.0
835,24135,7,0.29003521856225395,3447.8571428571427,684403.5510204082,1.950212064914747
339,20947,6,0.28643719864419726,3491.1666666666665,1120843.1388888888,1.584962500721156
bot_1072,819,2,2.442002442002442,409.5,3080.25,1.0
376,12253,5,0.4080633314290378,2450.6,169921.84,1.5219280948873626
291,18452,6,0.3251680034684587,3075.3333333333335,1523683.2222222222,1.2516291673878228
541,9759,4,0.4098780612767701,2439.75,107360.1875,1.5
446,17485,5,0.2859593937660852,3497.0,522873.2,1.9219280948873625
272,11612,4,0.34447123665173957,2903.0,508652.5,1.5
820,12682,4,0.31540766440624507,3170.5,309676.25,2.0
276,8011,4,0.49931344401448013,2002.75,212097.6875,1.5
901,14995,4,0.26675558519506504,3748.75,271857.6875,1.0
693,20970,6,0.2861230329041488,3495.0,1679950.0,1.459147917027245
261,19894,6,0.30159847190107575,3315.6666666666665,646523.2222222222,1.2516291673878228
85,19651,6,0.30532797313113835,3275.1666666666665,1185603.4722222222,1.459147917027245
18,21651,7,0.3233107015842224,3093.0,816908.8571428572,1.3787834934861756
bot_1111,1016,2,1.968503937007874,508.0,24964.0,1.0
bot_1121,2176,3,1.3786764705882353,725.3333333333334,111208.2222222222,1.584962500721156
253,15973,6,0.3756338821761723,2662.1666666666665,669959.1388888889,1.9182958340544896
32,12179,4,0.3284341899991789,3044.75,927630.6875,2.0
549,23276,7,0.3007389585839491,3325.1428571428573,757786.9795918369,1.556656707462823
102,22631,7,0.30931023816888337,3233.0,976508.0,1.8423709931771088
479,23368,7,0.29955494693598084,3338.285714285714,981266.4897959185,0.8631205685666311
bot_1075,1411,3,2.1261516654854713,470.3333333333333,14401.555555555555,1.584962500721156
664,22854,5,0.21878008226131093,4570.8,27437.76,1.9219280948873625
284,22172,7,0.3157135125383366,3167.4285714285716,1143915.387755102,1.8423709931771086
932,26125,8,0.3062200956937799,3265.625,1351909.734375,1.9056390622295662
899,16522,6,0.3631521607553565,2753.6666666666665,392745.55555555556,1.584962500721156
244,19282,7,0.3630328804065968,2754.5714285714284,679226.8163265307,1.556656707462823
93,29534,8,0.27087424663100157,3691.75,813274.6875,1.561278124459133
300,31131,8,0.25697857441135846,3891.375,545454.984375,1.9056390622295665
512,23260,7,0.3009458297506449,3322.8571428571427,1350557.551020408,1.8423709931771086
600,20378,5,0.24536264599077437,4075.6,37586.240000000005,1.9219280948873625
748,20590,7,0.33997085964060225,2941.4285714285716,1174125.1020408163,1.3787834934861756
539,14119,4,0.28330618315744743,3529.75,1069978.6875,1.5
bot_1144,1414,2,1.4144271570014144,707.0,67600.0,1.0
bot_1011,1090,2,1.8348623853211008,545.0,90000.0,1.0
332,23651,7,0.2959705720688343,3378.714285714286,866195.9183673469,1.3787834934861756
48,18068,5,0.27673234447642236,3613.6,390458.24000000005,1.370950594454669
44,26633,8,0.3003792287763301,3329.125,713343.109375,1.4056390622295665
54,12689,4,0.3152336669556309,3172.25,804281.1875,1.5
553,17381,5,0.28767044473850756,3476.2,1555705.3599999999,1.5219280948873626
240,22817,8,0.35061576894420826,2852.125,872315.609375,1.9056390622295662
329,15057,5,0.3320714617785747,3011.4,1465043.84,1.5219280948873626
654,21174,6,0.2833663927458204,3529.0,628939.0,1.459147917027245
123,16996,6,0.3530242409978819,2832.6666666666665,830929.5555555556,1.459147917027245
52,16541,5,0.3022791850553171,3308.2,1259042.16,1.5219280948873626
256,17202,6,0.34879665155214507,2867.0,959118.3333333334,1.459147917027245
bot_1032,1103,2,1.813236627379873,551.5,11342.25,1.0
bot_1087,2136,3,1.4044943820224718,712.0,20908.666666666668,1.584962500721156
159,24191,7,0.28936381298830144,3455.8571428571427,677567.2653061225,1.556656707462823
953,21850,7,0.3203661327231121,3121.4285714285716,604127.1020408163,1.8423709931771086
630,22992,7,0.3044537230340988,3284.5714285714284,614739.6734693877,1.556656707462823
250,18731,6,0.32032459559019805,3121.8333333333335,1493210.4722222222,1.584962500721156
bot_1071,1938,3,1.5479876160990713,646.0,14384.666666666666,1.584962500721156
500,16070,5,0.3111387678904792,3214.0,561755.2,1.370950594454669
952,17669,5,0.28298149301035713,3533.8,557776.96,1.5219280948873626
606,26715,8,0.2994572337638031,3339.375,729682.734375,1.4056390622295665
499,20525,6,0.292326431181486,3420.8333333333335,467684.4722222222,1.459147917027245
755,10764,4,0.3716090672612412,2691.0,574373.5,1.5
797,25147,8,0.3181293991330974,3143.375,1160080.984375,0.954434002924965
bot_1090,2429,4,1.6467682173734048,607.25,41227.6875,2.0
730,24807,8,0.3224896198653606,3100.875,1302731.359375,1.5487949406953987
269,26377,8,0.30329453690715397,3297.125,1097980.359375,1.9056390622295665
334,20510,6,0.2925402242808386,3418.3333333333335,501637.8888888888,0.9182958340544894
782,22443,7,0.31190126097224075,3206.1428571428573,1889737.5510204083,1.8423709931771088
400,17263,5,0.289636795458495,3452.6,1142211.8399999999,1.370950594454669
496,27017,8,0.2961098567568568,3377.125,563281.609375,1.5612781244591325
bot_1069,2032,3,1.4763779527559056,677.3333333333334,87366.22222222222,1.584962500721156
862,12631,4,0.31668118122080596,3157.75,1494439.1875,1.5
784,21434,7,0.3265839320705421,3062.0,1563385.142857143,1.950212064914747
238,21497,5,0.23259059403637716,4299.4,441604.64,0.9709505944546688
bot_1127,2341,4,1.7086715079026056,585.25,68747.1875,2.0
235,22287,8,0.3589536501099296,2785.875,930722.359375,1.75
950,17124,6,0.350385423966363,2854.0,368664.3333333333,1.584962500721156
844,19630,6,0.3056546102903719,3271.6666666666665,1030747.5555555555,1.9182958340544896
828,14247,5,0.3509510774198077,2849.4,1128484.64,1.5219280948873626
593,13292,5,0.37616611495636476,2658.4,511870.63999999996,1.9219280948873625
709,24442,6,0.24547909336388185,4073.6666666666665,621048.2222222222,0.9182958340544894
712,17715,5,0.2822466836014677,3543.0,1389572.0,1.5219280948873626
574,17990,6,0.3335186214563647,2998.3333333333335,965292.888888889,1.2516291673878228
bot_1078,1709,3,1.7554125219426564,569.6666666666666,34113.555555555555,1.584962500721156
114,22249,8,0.3595667220998697,2781.125,1144830.359375,1.9056390622295665
977,18437,6,0.3254325541031621,3072.8333333333335,781874.8055555555,1.9182958340544896
513,26877,8,0.29765226773821485,3359.625,845146.984375,1.5
289,29723,8,0.2691518352790768,3715.375,536013.734375,1.9056390622295665
465,15918,5,0.3141098127905516,3183.6,398773.84,1.5219280948873626
969,22522,8,0.3552082408311873,2815.25,863098.4375,1.9056390622295665
728,14382,4,0.27812543457099154,3595.5,725300.25,1.5
937,18859,7,0.37117556604273816,2694.1428571428573,819049.8367346941,1.8423709931771086
bot_1106,2105,4,1.9002375296912115,526.25,51395.1875,2.0
957,27483,8,0.2910890368591493,3435.375,1062934.984375,1.8112781244591327
245,28545,8,0.28025923979681205,3568.125,1129018.109375,1.9056390622295665
920,28316,8,0.28252578047746857,3539.5,757092.0,1.8112781244591327
bot_1025,1717,3,1.7472335468841,572.3333333333334,66491.55555555556,1.584962500721156
225,19069,6,0.31464680895694586,3178.1666666666665,497988.80555555556,1.9182958340544896
56,23412,8,0.341705108491372,2926.5,137047.75,1.9056390622295665
bot_1058,2469,4,1.6200891049007697,617.25,112096.6875,2.0
719,12738,4,0.31402103940964043,3184.5,778481.25,1.5
293,14705,6,0.40802448146888814,2450.8333333333335,713462.1388888889,1.0
721,27004,8,0.2962524070508073,3375.5,792839.25,1.9056390622295665
200,20164,5,0.24796667327911126,4032.8,452582.16,1.370950594454669
524,12589,4,0.31773770752244024,3147.25,650850.1875,1.5
94,14221,4,0.28127417199915616,3555.25,483791.1875,0.8112781244591328
470,26189,7,0.26728779258467295,3741.285714285714,764073.06122449,1.8423709931771086
819,11933,5,0.4190061174893154,2386.6,160886.64,1.370950594454669
100,19171,7,0.3651348390798602,2738.714285714286,421049.3469387755,1.8423709931771088
985,17029,4,0.23489341711198544,4257.25,303294.6875,1.5
943,27208,7,0.25727727139076745,3886.8571428571427,872306.693877551,1.4488156357251847
104,18287,6,0.3281019303330235,3047.8333333333335,1359304.1388888888,1.2516291673878228
581,33029,8,0.24221138999061428,4128.625,308095.234375,1.9056390622295665
812,19798,5,0.2525507627033034,3959.6,794069.44,1.370950594454669
776,20960,6,0.2862595419847328,3493.3333333333335,417443.22222222225,1.459147917027245
167,23183,7,0.30194539101928136,3311.8571428571427,1386695.8367346937,1.8423709931771088
395,20806,7,0.3364414111314044,2972.285714285714,954851.3469387756,0.8631205685666311
397,17671,5,0.28294946522551073,3534.2,1250658.56,1.9219280948873625
530,13319,4,0.3003228470605901,3329.75,332250.6875,0.8112781244591328
733,13800,4,0.2898550724637681,3450.0,1906636.5,1.5
548,16852,5,0.29670068834559693,3370.4,669263.4400000001,1.9219280948873625
340,16213,5,0.3083944982421513,3242.6,661865.8400000001,1.9219280948873625
986,20042,5,0.2494761001896018,4008.4,586229.8400000001,1.370950594454669
183,25631,8,0.31212203971752955,3203.875,1014971.109375,1.75
552,19406,5,0.2576522724930434,3881.2,504934.16,1.5219280948873626
131,15205,6,0.39460703715882933,2534.1666666666665,476599.80555555556,1.459147917027245
125,27870,7,0.25116612845353425,3981.4285714285716,413368.81632653065,1.556656707462823
2,22672,6,0.2646436132674665,3778.6666666666665,461466.8888888888,1.459147917027245
35,15556,5,0.3214193880174852,3111.2,1265867.3599999999,0.9709505944546688
958,17459,4,0.22910819634572427,4364.75,118814.1875,1.5
bot_1133,2661,3,1.1273957158962795,887.0,20228.666666666668,1.584962500721156
893,19441,6,0.3086260994804794,3240.1666666666665,147201.80555555556,0.9182958340544894
696,12455,4,0.3211561621838619,3113.75,1320021.1875,0.8112781244591328
bot_1109,1668,3,1.7985611510791368,556.0,71080.66666666667,1.584962500721156
16,13769,5,0.36313457767448615,2753.8,470302.16,1.9219280948873625
bot_1113,1987,4,2.0130850528434827,496.75,25282.1875,2.0
152,16520,5,0.3026634382566586,3304.0,947267.6,1.370950594454669
670,22728,7,0.3079901443153819,3246.8571428571427,504574.1224489796,1.6644977792004614
bot_1000,1106,2,1.8083182640144664,553.0,121801.0,1.0
966,13840,5,0.36127167630057805,2768.0,376555.6,0.7219280948873623
621,27902,8,0.2867177980073113,3487.75,1106692.9375,1.9056390622295662
188,16531,6,0.36295444921662334,2755.1666666666665,1749853.8055555557,1.584962500721156
851,22046,7,0.31751791708246396,3149.4285714285716,919404.5306122449,1.3787834934861756
bot_1104,3040,4,1.3157894736842106,760.0,31896.5,2.0
bot_1038,2590,4,1.5444015444015444,647.5,49490.25,2.0
305,24254,7,0.2886121876803826,3464.8571428571427,934140.4081632654,1.3787834934861756
780,20422,7,0.3427676035647831,2917.4285714285716,833939.6734693878,1.950212064914747
346,23256,7,0.30099759201926385,3322.285714285714,629449.3469387755,1.556656707462823
268,13323,4,0.3002326803272536,3330.75,310698.6875,2.0
536,22137,7,0.31621267561096805,3162.4285714285716,1466199.387755102,1.8423709931771088
215,27042,8,0.29583610679683453,3380.25,1059419.9375,1.8112781244591327
139,28226,7,0.2479982994402324,4032.285714285714,590086.7755102041,1.4488156357251847
bot_1062,1303,2,1.5349194167306217,651.5,9312.25,1.0
129,20251,6,0.29628166510295784,3375.1666666666665,1370129.4722222222,1.459147917027245
bot_1064,1369,4,2.9218407596785974,342.25,1653.1875,2.0
588,19132,6,0.31361070457871626,3188.6666666666665,467812.55555555556,1.2516291673878228
29,15128,5,0.33051295610787945,3025.6,1063251.84,1.9219280948873625
bot_1070,1636,3,1.8337408312958436,545.3333333333334,47288.22222222222,1.584962500721156
481,19339,6,0.31025389110088425,3223.1666666666665,241834.8055555556,1.459147917027245
432,17609,5,0.2839457095803282,3521.8,574239.76,1.370950594454669
42,17242,5,0.28998956037582646,3448.4,715222.24,1.9219280948873625
637,13700,4,0.29197080291970806,3425.0,818678.5,1.5
809,19140,6,0.3134796238244514,3190.0,1743450.3333333333,1.459147917027245
501,19370,6,0.3097573567372225,3228.3333333333335,463281.22222222225,1.9182958340544896
324,26459,7,0.2645602630484901,3779.8571428571427,368483.2653061225,1.8423709931771088
88,28071,8,0.28499162837091657,3508.875,1258658.109375,1.9056390622295665
248,13732,4,0.2912904165452957,3433.0,374811.5,1.5
508,20721,6,0.2895613146083683,3453.5,969988.25,1.584962500721156
940,12013,5,0.41621576625322565,2402.6,177373.44,0.9709505944546688
927,21230,6,0.2826189354686764,3538.3333333333335,1142569.5555555557,1.9182958340544896
287,22025,7,0.31782065834279233,3146.4285714285716,1196009.9591836736,1.950212064914747
582,25492,8,0.3138239447669857,3186.5,579359.75,1.9056390622295665
41,17647,5,0.28333427778092596,3529.4,709897.8400000001,1.5219280948873626
241,13225,5,0.3780718336483932,2645.0,663427.6,0.9709505944546688
777,27306,7,0.25635391489050025,3900.8571428571427,1004276.4081632654,1.556656707462823
352,14845,4,0.26945099360053887,3711.25,370087.6875,1.5
424,12706,5,0.3935148748622698,2541.2,730974.96,1.9219280948873625
558,24104,7,0.2904082309990043,3443.4285714285716,1093681.9591836736,1.950212064914747
685,31694,8,0.2524137060642393,3961.75,787181.9375,1.9056390622295665
363,24221,7,0.2890054085297882,3460.1428571428573,689187.8367346938,0.8631205685666311
873,24431,8,0.32745282632720724,3053.875,971955.109375,2.0
869,19572,7,0.35765379113018597,2796.0,959019.1428571428,1.950212064914747
9,18798,5,0.2659857431641664,3759.6,449572.64,0.7219280948873623
671,19931,6,0.3010385831117355,3321.8333333333335,1334286.4722222225,1.584962500721156
372,23035,7,0.30388539179509444,3290.714285714286,597402.2040816325,1.8423709931771086
849,13246,4,0.3019779556092405,3311.5,400116.25,2.0
460,16712,5,0.299186213499282,3342.4,212898.24000000005,1.9219280948873625
23,20770,7,0.33702455464612424,2967.1428571428573,1136553.5510204083,1.556656707462823
220,11354,4,0.3522987493394399,2838.5,1420762.75,1.0
279,12223,4,0.32725190215168126,3055.75,635655.6875,1.5
396,15871,5,0.3150400100812803,3174.2,1185690.9600000002,0.9709505944546688
663,16668,5,0.2999760019198464,3333.6,1200650.6400000001,0.9709505944546688
bot_1100,1524,3,1.968503937007874,508.0,48500.666666666664,1.584962500721156
140,25520,8,0.31347962382445144,3190.0,884496.25,1.9056390622295665
523,20145,7,0.34748076445768183,2877.8571428571427,841472.4081632653,0.5916727785823274
454,25006,7,0.2799328161241302,3572.285714285714,786287.918367347,1.3787834934861756
919,11933,4,0.33520489399145226,2983.25,1161645.1875,1.5
179,21772,8,0.36744442403086536,2721.5,872276.0,1.9056390622295665
262,12082,5,0.4138387684158252,2416.4,480511.04000000004,1.9219280948873625
bot_1142,1897,3,1.58144438587243,632.3333333333334,25108.222222222223,1.584962500721156
153,15956,5,0.31336174479819506,3191.2,509338.9600000001,1.5219280948873626
550,17367,7,0.4030632809351068,2481.0,825696.0,0.8631205685666311
281,19940,7,0.3510531594784353,2848.5714285714284,859381.1020408162,1.3787834934861756
bot_1003,1982,3,1.513622603430878,660.6666666666666,13506.888888888889,1.584962500721156
51,27194,8,0.2941825402662352,3399.25,1276310.4375,1.5
515,16494,4,0.24251242876197404,4123.5,1843350.25,2.0
824,21842,6,0.27470011903671826,3640.3333333333335,1399072.5555555553,1.2516291673878228
bot_1065,1684,3,1.7814726840855108,561.3333333333334,59033.555555555555,1.584962500721156
391,14727,5,0.3395124601072859,2945.4,317124.24000000005,1.9219280948873625
870,25507,7,0.2744344689693025,3643.8571428571427,1056691.836734694,1.950212064914747
836,21200,7,0.33018867924528306,3028.5714285714284,1008678.2448979592,1.3787834934861756
113,18067,7,0.38744672607516467,2581.0,1569980.2857142857,1.556656707462823
578,16831,6,0.35648505733468006,2805.1666666666665,1054524.4722222222,1.459147917027245
bot_1105,1399,2,1.4295925661186561,699.5,14280.25,1.0
157,8548,4,0.4679457182966776,2137.0,179219.5,1.5
174,25944,7,0.2698119025593586,3706.285714285714,466886.775510204,1.4488156357251847
727,19549,6,0.3069210701314645,3258.1666666666665,812104.4722222221,1.459147917027245
674,20267,5,0.24670646864360785,4053.4,720153.0399999999,1.5219280948873626
968,20671,5,0.2418847660974312,4134.2,1591222.1600000001,1.5219280948873626
230,23779,7,0.2943773918163085,3397.0,1272949.4285714286,1.556656707462823
22,22688,8,0.3526093088857546,2836.0,962585.5,1.2987949406953987
373,16416,4,0.24366471734892786,4104.0,169478.5,1.5
115,18942,6,0.31675641431738993,3157.0,1021366.6666666666,1.9182958340544896
450,19965,5,0.25043826696719257,3993.0,914591.2,0.9709505944546688
198,19598,5,0.25512807429329526,3919.6,168729.04,1.5219280948873626
811,12818,6,0.46809174598221254,2136.3333333333335,143272.55555555556,1.9182958340544896
13,13757,4,0.2907610670931162,3439.25,1401796.1875,1.5
617,14962,5,0.334179922470258,2992.4,918479.8400000001,1.5219280948873626
875,15448,5,0.3236664940445365,3089.6,1664551.04,1.5219280948873626
847,17083,4,0.23415091026166365,4270.75,425433.1875,0.0
908,27847,8,0.287284088052573,3480.875,886281.609375,1.5487949406953987
437,27874,8,0.2870058118676903,3484.25,401705.1875,1.9056390622295665
516,20425,7,0.3427172582619339,2917.8571428571427,1296851.5510204083,1.8423709931771088
480,20329,6,0.29514486693885583,3388.1666666666665,730138.4722222224,1.7924812503605783
678,22483,7,0.31134635057599075,3211.8571428571427,781625.8367346938,1.8423709931771088
369,23419,7,0.29890260045262396,3345.5714285714284,1124676.530612245,1.4488156357251847
bot_1018,1395,2,1.4336917562724014,697.5,48620.25,1.0
767,13895,4,0.2878733357322778,3473.75,920467.1875,0.8112781244591328
872,10725,5,0.46620046620046623,2145.0,337506.4,1.5219280948873626
839,23473,8,0.34081710901887274,2934.125,294753.359375,1.9056390622295665
237,18410,6,0.32590983161325365,3068.3333333333335,692223.888888889,1.459147917027245
764,21615,7,0.3238491788110109,3087.8571428571427,477430.1224489796,1.950212064914747
657,28908,8,0.2767400027674,3613.5,641929.5,0.954434002924965
bot_1051,755,2,2.6490066225165565,377.5,210.25,1.0
bot_1080,1594,4,2.509410288582183,398.5,15716.75,2.0
37,26992,7,0.2593360995850622,3856.0,269801.14285714284,1.8423709931771088
401,24835,7,0.28186027783370243,3547.8571428571427,1153132.4081632653,1.3787834934861756
413,19883,6,0.30176532716390886,3313.8333333333335,269335.13888888893,1.2516291673878228
bot_1108,894,2,2.237136465324385,447.0,40804.0,1.0
145,29519,8,0.2710118906467021,3689.875,759231.859375,1.8112781244591327
675,14713,5,0.3398355196085095,2942.6,843405.04,1.9219280948873625
7,14559,4,0.27474414451542,3639.75,819994.1875,1.0
410,15813,4,0.252956428255233,3953.25,1693041.6875,1.5
386,21686,6,0.2766761966245504,3614.3333333333335,877471.8888888889,1.7924812503605783
403,22678,7,0.3086691948143575,3239.714285714286,912847.3469387755,1.3787834934861756
855,21943,6,0.2734357198195324,3657.1666666666665,1052844.8055555555,1.9182958340544896
98,23280,7,0.3006872852233677,3325.714285714286,861589.6326530612,1.4488156357251847
677,8769,4,0.4561523548865321,2192.25,121518.1875,2.0
942,23924,8,0.3343922420999833,2990.5,969068.5,1.9056390622295665
4,19353,5,0.2583578773316798,3870.6,418311.04,1.5219280948873626
270,18682,7,0.3746922171073761,2668.8571428571427,578205.2653061225,1.950212064914747
741,19916,5,0.2510544286001205,3983.2,565916.5599999999,1.370950594454669
643,20000,7,0.35,2857.1428571428573,642230.9795918368,1.8423709931771086
196,16950,5,0.2949852507374631,3390.0,642041.6,1.370950594454669
511,27519,7,0.2543697082016062,3931.285714285714,259615.34693877553,1.8423709931771088
236,24063,6,0.24934546814611647,4010.5,562260.25,1.459147917027245
752,16501,5,0.3030119386703836,3300.2,973572.9600000002,1.9219280948873625
45,17715,4,0.22579734688117414,4428.75,278724.6875,2.0
714,30610,8,0.26135249918327347,3826.25,411558.4375,1.5487949406953987
608,18111,4,0.2208602506763845,4527.75,84303.6875,2.0
292,22034,7,0.31769084142688575,3147.714285714286,1181307.0612244897,0.8631205685666311
739,16782,5,0.297938267191038,3356.4,516094.64,0.9709505944546688
47,19422,7,0.36041602306662546,2774.5714285714284,870742.8163265307,1.8423709931771086
414,19884,8,0.40233353450010056,2485.5,491938.25,1.75
936,14345,4,0.2788428023701638,3586.25,1216091.6875,0.8112781244591328
bot_1131,965,2,2.072538860103627,482.5,31862.25,1.0
297,20429,7,0.3426501541925694,2918.4285714285716,1052898.530612245,1.8423709931771088
226,27755,8,0.2882363538101243,3469.375,1348920.734375,1.9056390622295665
882,29658,8,0.2697417223008969,3707.25,595027.4375,1.75
766,19146,6,0.31338138514572234,3191.0,1435100.3333333333,1.459147917027245
bot_1086,1839,3,1.6313213703099512,613.0,35672.0,1.584962500721156
bot_1008,704,2,2.8409090909090913,352.0,7396.0,1.0
62,16815,5,0.29735355337496283,3363.0,1336247.6,1.370950594454669
231,17058,5,0.2931175987806308,3411.6,2069715.44,1.9219280948873625
199,13860,5,0.36075036075036077,2772.0,395476.8,1.5219280948873626
411,31146,8,0.25685481281705513,3893.25,790693.1875,1.5612781244591325
845,22476,6,0.2669514148424987,3746.0,1436373.0,1.7924812503605783
456,14713,4,0.2718684156868076,3678.25,803268.6875,1.5
473,22600,8,0.35398230088495575,2825.0,926099.0,1.4056390622295665
327,18761,4,0.21320825115931988,4690.25,37539.1875,1.5
649,27539,8,0.2904971131849377,3442.375,1074479.984375,1.9056390622295665
860,14576,4,0.274423710208562,3644.0,602994.0,1.5
778,15679,4,0.2551183111167804,3919.75,112757.1875,0.8112781244591328
796,17343,6,0.3459609064175748,2890.5,1317992.9166666667,1.2516291673878228
840,21829,6,0.27486371340876814,3638.1666666666665,833651.8055555555,1.459147917027245
615,27917,8,0.28656374252247735,3489.625,1033106.234375,1.9056390622295665
242,26050,8,0.30710172744721687,3256.25,1093092.6875,1.811278124459133
bot_1019,1782,2,1.122334455667789,891.0,6724.0,1.0
890,26862,8,0.29781847963666147,3357.75,672894.9375,1.9056390622295665
655,13810,5,0.3620564808110065,2762.0,978314.8,1.9219280948873625
718,10806,4,0.37016472330186934,2701.5,270218.75,1.5
bot_1037,2805,4,1.4260249554367201,701.25,34451.6875,2.0
33,13198,4,0.30307622367025305,3299.5,165278.25,1.5
bot_1128,1158,2,1.7271157167530227,579.0,9604.0,1.0
155,32848,8,0.24354603019970775,4106.0,236262.5,1.5487949406953987
273,25403,6,0.2361925756800378,4233.833333333333,272072.80555555556,1.9182958340544896
239,11299,4,0.3540136295247367,2824.75,1316748.6875,1.0
27,31846,8,0.25120894303837216,3980.75,659422.4375,1.561278124459133
136,25268,8,0.3166059838530948,3158.5,584574.5,1.9056390622295665
425,18579,8,0.43059368103773077,2322.375,587171.484375,1.4056390622295665
933,24340,7,0.2875924404272802,3477.1428571428573,974272.1224489798,1.8423709931771088
751,17084,5,0.2926715055022243,3416.8,1303327.7600000002,0.9709505944546688
619,19963,7,0.35064870009517607,2851.8571428571427,377460.1224489796,1.1488348542809168
760,17951,6,0.3342432176480419,2991.8333333333335,619688.4722222222,1.9182958340544896
146,18573,5,0.26920799009314594,3714.6,207250.63999999998,1.370950594454669
bot_1079,2394,3,1.2531328320802004,798.0,19772.666666666668,1.584962500721156
bot_1012,2495,4,1.6032064128256511,623.75,125971.6875,2.0
147,18155,5,0.27540622418066646,3631.0,716866.4,1.370950594454669
31,16884,5,0.2961383558398484,3376.8,1281206.9600000002,1.370950594454669
510,21532,7,0.3250975292587776,3076.0,985489.4285714285,1.3787834934861756
222,16344,6,0.36710719530102787,2724.0,206377.33333333334,1.9182958340544896
bot_1014,2640,3,1.1363636363636362,880.0,6584.0,1.584962500721156
786,19666,6,0.3050950879690837,3277.6666666666665,541702.2222222222,1.2516291673878228
991,19338,7,0.3619815906505326,2762.5714285714284,1189057.6734693877,1.950212064914747
135,17427,5,0.28691111493659266,3485.4,1322169.44,1.5219280948873626
421,28527,8,0.2804360781014477,3565.875,398082.859375,1.561278124459133
358,20569,5,0.24308425300209052,4113.8,315851.36,1.370950594454669
278,23810,7,0.2939941201175977,3401.4285714285716,1052196.5306122447,1.556656707462823
177,17166,5,0.29127344751252476,3433.2,2186608.16,1.9219280948873625
bot_1118,1843,4,2.1703743895822027,460.75,2016.6875,2.0
409,22607,7,0.30963860751094796,3229.5714285714284,1229115.3877551018,1.8423709931771086
bot_1094,1478,2,1.3531799729364005,739.0,60025.0,1.0
bot_1015,2642,4,1.514004542013626,660.5,84470.25,2.0
970,23245,8,0.3441600344160034,2905.625,1076656.734375,1.9056390622295665
998,15797,4,0.253212635310502,3949.25,190864.6875,1.5
907,18169,4,0.22015520942264297,4542.25,350745.6875,1.5
949,24914,7,0.2809665248454684,3559.1428571428573,515836.1224489796,1.950212064914747
961,23617,7,0.2963966634204175,3373.8571428571427,719696.9795918366,1.556656707462823
317,28528,8,0.28042624789680315,3566.0,580863.25,1.5612781244591325
335,24887,7,0.28127134648611724,3555.285714285714,1230041.06122449,1.950212064914747
935,20620,6,0.2909796314258002,3436.6666666666665,1178736.2222222222,1.459147917027245
563,13316,4,0.30039050765995795,3329.0,643329.5,1.5
914,24182,7,0.2894715077330246,3454.5714285714284,1196704.244897959,1.556656707462823
441,17394,5,0.2874554444061171,3478.8,1223218.9600000002,1.9219280948873625
99,24386,7,0.2870499466907242,3483.714285714286,1166193.918367347,1.950212064914747
648,14655,4,0.2729443875810304,3663.75,691511.6875,0.0
252,18302,5,0.2731941864277128,3660.4,990642.6399999999,1.370950594454669
570,22018,6,0.27250431465164865,3669.6666666666665,934510.8888888889,1.9182958340544896
680,16891,5,0.29601562962524425,3378.2,1103213.76,0.7219280948873623
233,14617,5,0.3420674557022645,2923.4,684453.0399999999,1.5219280948873626
971,29692,8,0.269432843863667,3711.5,449387.25,1.9056390622295662
257,14507,5,0.3446611980423244,2901.4,927163.04,1.5219280948873626
bot_1034,783,2,2.554278416347382,391.5,31152.25,1.0
683,24100,8,0.33195020746887965,3012.5,675913.25,1.9056390622295665
193,22848,7,0.30637254901960786,3264.0,501276.28571428574,1.3787834934861756
150,23411,8,0.34171970441245564,2926.375,640481.984375,1.5
